{
  "response_matrix": [
    [
      0.030050752839150263,
      0.0003137387561569227,
      -0.0037058417401247823,
      0.0073794623254119784
    ],
    [
      0.004813493797064867,
      0.008883803984790786,
      0.007126129100203764,
      -0.009035732644704716
    ],
    [
      -0.011414804004534762,
      0.13348848844445982,
      0.02491580022452755,
      -0.00066397766258941
    ],
    [
      0.017497623402421558,
      0.02874127023351769,
      0.053782057477801404,
      -0.015709078770884677
    ],
    [
      -0.3742095652419941,
      0.2751476270573505,
      0.3719875077424817,
      -0.5240509361057555
    ],
    [
      -0.04403744823817668,
      0.5149884656740245,
      0.09612326784274927,
      -0.0025615754712937644
    ],
    [
      -0.5096518204945433,
      0.5053135153661614,
      1.1923823019701096,
      1.6299683213419236
    ],
    [
      0.15025376419574243,
      0.001568693780802377,
      -0.018529208700597266,
      0.036897311627073215
    ]
  ],
  "response_names": [
    "R_centroid",
    "Z_centroid",
    "elongation",
    "triangularity",
    "Te_avg",
    "ne_avg",
    "Ip",
    "q95"
  ],
  "control_names": [
    "coil_1",
    "coil_2",
    "coil_3",
    "coil_4"
  ],
  "baseline_controls": [
    10.0,
    8.0,
    12.0,
    6.0
  ],
  "perturbation_size": 0.1
}