#{"t_start": 1774619981.8417826, "env_id": "None"}
r,l,t
0.106471,6,1.243116
-2.923844,1,1.246021
7.138277,6,1.259317
-3.564313,1,1.262832
-10.548304,4,1.27163
-0.375117,1,1.274647
-8.360555,2,1.279663
-5.609325,2,1.284826
-9.037137,7,1.299552
-4.93626,1,1.302905
-1.821064,1,1.305863
-5.878004,3,1.312803
-9.2628,3,1.319562
0.043498,2,1.324358
-5.277331,1,1.327232
-1.12103,3,1.334018
-4.360031,1,1.336854
5.370517,2,1.34159
-12.11806,2,1.346721
6.024421,6,1.359063
-10.168647,2,1.363658
5.755985,5,1.374073
-11.258386,6,1.385821
3.35992,7,1.399337
-1.904527,1,1.402123
-13.711463,4,1.410373
1.440072,1,1.41319
-2.313558,1,1.416149
-0.002112,2,1.420783
-10.745968,6,1.432576
-5.952964,1,1.435416
2.112635,4,1.443544
-5.569242,1,1.446256
-0.350877,3,1.452679
-11.007798,4,1.461021
-2.656354,1,1.464031
9.885934,4,1.472252
-7.542522,1,1.475127
-14.61256,5,1.485341
-13.251703,3,1.491569
1.766652,1,1.49449
-1.706436,1,1.497581
-8.530218,2,1.502505
-1.830635,1,1.506972
1.240127,6,1.52014
-1.989905,1,1.523771
-3.890874,2,1.528773
-7.936034,1,1.531553
10.825297,4,1.540187
-6.367672,1,1.543201
-9.680538,4,1.551669
-20.234469,7,1.566793
-7.000699,2,1.571536
-26.636139,8,1.588395
-5.279024,1,1.591394
1.061459,8,1.607747
0.531382,7,1.623571
-3.692279,6,1.637479
-2.680161,4,1.646841
-5.911896,1,1.650782
-12.820665,3,1.658367
2.20825,1,1.661162
-0.156636,1,1.664386
-1.519066,10,1.684756
-8.074935,2,1.690675
-10.289854,5,1.702069
-4.442242,1,1.704801
-12.620438,3,1.71114
0.380094,1,1.714044
-4.31688,1,1.716741
-5.589854,1,1.719434
5.813817,3,1.725873
-17.053326,5,1.735928
-2.141674,1,1.738597
-0.391735,2,1.743718
5.244176,3,1.751505
-0.728282,1,1.754354
-8.128764,2,1.759237
-13.905391,6,1.771346
-13.666668,4,1.780895
8.802934,7,1.794356
-9.759122,2,1.799409
-5.343111,1,1.802114
-0.343322,4,1.810438
1.69408,4,1.818537
2.181683,3,1.824723
-3.166805,5,1.834436
-5.383192,2,1.838803
-3.343647,2,1.843311
-2.190926,3,1.849434
-1.859902,1,1.852085
-9.465078,2,1.856935
-2.062668,5,1.866681
-4.706829,3,1.873621
-7.112981,3,1.879924
-3.635417,1,1.883018
-7.727545,3,1.889717
-5.43529,1,1.892488
-9.12595,4,1.900948
-0.450836,1,1.903737
-15.645874,5,1.914124
-3.376723,1,1.917025
-8.126227,1,1.919825
-6.31433,3,1.926327
0.252172,2,1.931306
6.032403,3,1.93796
-7.379562,2,1.942434
-0.039819,1,1.945172
4.365855,3,1.951411
-1.463099,2,1.955858
-2.622088,1,1.958513
-2.824849,1,1.96114
-1.058102,3,1.967207
-8.705719,3,1.973322
0.31854,5,1.982765
6.918286,3,1.988793
-5.680558,2,1.993204
-0.969118,2,1.998441
-9.513166,4,2.007407
-4.782182,1,2.010548
-0.589583,1,2.013454
-5.900062,3,2.020014
1.795396,1,2.022902
-6.928654,3,2.029658
-6.467484,3,2.036236
-5.34707,1,2.039222
-28.48826,11,2.061438
-8.113247,1,2.064348
-1.489497,1,2.067213
-0.027657,3,2.073841
0.914967,2,2.078681
0.153108,1,2.081625
5.118225,2,2.086311
-13.79177,6,2.098477
0.707746,1,2.101812
-3.379459,6,2.114613
-4.70311,4,2.123093
-7.926311,1,2.12598
1.359766,1,2.128855
0.507255,3,2.13549
-0.204038,1,2.138361
1.485208,4,2.14749
-2.785364,11,2.170916
-1.663741,1,2.17367
-8.034778,2,2.178217
-2.374844,1,2.180853
-12.884652,3,2.187771
-6.26583,1,2.19087
-1.383947,6,2.203382
-3.07537,1,2.206136
-1.745264,1,2.20882
-7.562225,1,2.211481
-15.50993,2,2.215869
-2.066544,3,2.221972
1.656932,3,2.228096
-2.54558,1,2.23071
-0.23791,1,2.233339
9.196789,13,2.256847
0.482466,2,2.261267
-4.467867,10,2.279428
-1.646465,1,2.282096
-1.371964,3,2.288227
-4.396302,1,2.290923
-1.718461,2,2.295246
-8.342353,3,2.301285
-1.354436,1,2.304124
-8.464156,2,2.308549
6.454247,4,2.316509
-16.232557,4,2.324417
0.557293,1,2.327109
5.670169,2,2.331472
-7.862207,1,2.334148
-2.41844,4,2.34206
-7.33345,2,2.346458
-6.937256,3,2.35277
-6.415553,1,2.355612
-31.304386,12,2.3775
-2.609175,1,2.380178
-3.992167,1,2.382802
-3.340772,1,2.385477
-5.249199,2,2.389907
4.713802,4,2.397832
-4.387607,1,2.400524
-1.651577,1,2.403222
-0.123733,3,2.409416
-3.004168,1,2.4121
-6.87682,1,2.414764
-2.897122,2,2.419139
2.78297,1,2.421778
2.591523,4,2.429534
-1.527144,3,2.435722
-5.94263,3,2.441845
-2.057063,4,2.449733
-1.038976,1,2.452458
-7.810709,5,2.462124
1.796022,9,2.478556
3.094634,11,2.498837
-2.398186,2,2.503566
-2.419788,5,2.514297
-9.804305,2,2.519275
-9.093428,2,2.524471
-7.198793,2,2.52989
-21.4348,6,2.542687
-9.12237,1,2.545653
1.967556,2,2.550218
-5.266675,2,2.55476
-5.207502,1,2.557464
-31.436844,6,2.568917
-2.793808,4,2.576836
1.073165,1,2.579537
-11.640513,2,2.584064
-1.906641,1,2.586746
-0.081548,1,2.589449
-8.698882,3,2.595624
-3.04945,1,2.59829
-3.276209,2,2.602899
1.193277,1,2.605685
0.621605,2,2.610273
1.946471,2,2.614744
-0.842159,5,2.624366
-7.933741,10,2.642875
1.739064,4,2.651096
-2.00745,1,2.653883
7.646072,6,2.66533
-0.38848,1,2.668008
-4.45594,2,2.672442
-5.427512,1,2.67512
4.891708,2,2.679594
-3.751493,4,2.687613
-9.959994,4,2.695592
1.30292,1,2.698362
-4.298636,1,2.701262
0.353704,5,2.711141
-0.164949,9,2.727812
3.655373,2,2.732275
-3.204806,2,2.736654
-6.560403,2,2.741148
-1.614018,1,2.743887
0.515787,1,2.746561
-5.869368,3,2.753238
1.784274,5,2.763199
-8.817234,8,2.778331
6.005123,8,2.793353
-19.184953,8,2.808866
-14.171958,4,2.816969
0.133383,10,2.835585
-3.433194,1,2.838375
1.638152,3,2.844623
-10.020369,6,2.856484
-5.984821,1,2.859406
0.699569,2,2.86382
-5.758225,1,2.866501
5.187834,7,2.879606
3.159614,2,2.884008
-7.856896,1,2.886676
0.345538,2,2.891103
0.449162,1,2.893764
-5.250019,1,2.896443
-14.896131,3,2.902755
-3.110889,2,2.907284
-5.289736,3,2.913544
-7.803074,1,2.916239
-9.285902,4,2.924213
-4.235253,1,2.926885
-2.20707,1,2.929558
3.840087,2,2.93391
-1.517798,1,2.9367
8.408372,3,2.942853
-12.079444,2,2.947337
-2.376286,1,2.950303
-13.496555,3,2.956869
2.63249,3,2.963127
3.642857,4,2.9711
-5.98253,1,2.973839
-5.1828,1,2.976593
-6.641983,2,2.981096
3.969843,1,2.983852
-21.130973,5,2.993809
2.323772,1,2.996579
-5.788033,2,3.001216
-5.422993,1,3.003964
-7.383718,1,3.006675
16.075861,12,3.03169
-3.304186,3,3.038399
-2.444573,1,3.041265
-4.32849,3,3.047827
-5.837791,2,3.052579
5.584852,4,3.061093
7.719324,2,3.065772
-17.271522,2,3.070423
-8.43191,6,3.082534
-15.239731,6,3.094605
-0.56073,1,3.097437
-8.723269,3,3.104329
7.41526,4,3.112863
-3.754318,1,3.115721
4.207533,2,3.120415
-7.706145,1,3.123284
0.112574,3,3.129789
2.549224,3,3.136287
-7.063109,1,3.139111
-2.78028,2,3.143785
-4.09274,4,3.155021
-1.305669,1,3.160136
-7.550576,3,3.168875
-12.89597,2,3.174526
-0.834782,4,3.184638
-15.956348,7,3.203643
0.285684,4,3.214621
18.498464,10,3.235164
-11.287749,3,3.241945
1.197129,2,3.24679
-25.913382,4,3.255877
-4.122961,5,3.26653
-7.749695,2,3.271398
4.670782,4,3.280038
-3.044984,1,3.282943
-7.649809,3,3.289575
-8.789271,2,3.29455
-7.61146,2,3.299317
-0.158711,5,3.310229
-8.420219,1,3.313165
-8.073286,3,3.320146
2.949074,3,3.327182
-6.715415,7,3.341604
-1.286614,1,3.344921
-10.12697,3,3.351581
-4.955369,1,3.354335
-0.761704,2,3.358897
-0.45351,8,3.373711
-0.88667,2,3.378154
-0.287155,1,3.380817
-3.925674,2,3.385229
-1.260948,2,3.389624
-2.79412,1,3.39231
-1.072179,2,3.396671
-3.701262,3,3.40316
-4.065827,1,3.405941
-1.093162,1,3.408604
-3.97389,1,3.411229
-8.274082,9,3.427611
-9.408852,8,3.442438
-6.841786,1,3.445114
-8.674155,3,3.451435
-13.981007,2,3.455938
0.88304,3,3.462057
0.133476,5,3.471565
6.371488,3,3.477748
-7.582954,4,3.485586
-1.564622,1,3.488224
-7.111213,3,3.49431
2.073364,2,3.498646
-8.265624,4,3.506621
-0.769886,1,3.509344
-6.611608,2,3.513832
-4.607173,1,3.516435
2.6899,3,3.522455
1.589974,1,3.52512
-5.757614,2,3.529702
-3.372873,1,3.532733
-1.506328,2,3.53725
-0.097837,7,3.550651
5.921768,8,3.565678
-2.320046,2,3.570012
-1.558901,5,3.579446
0.287511,2,3.583751
-3.824779,2,3.588105
-4.5595,2,3.592417
0.369764,5,3.601978
-0.381116,2,3.606346
-5.174266,2,3.610808
-10.569142,5,3.620215
-2.111481,1,3.622843
-7.141825,1,3.62544
3.029386,5,3.634858
0.064997,5,3.644281
-0.359101,1,3.646887
-9.349662,2,3.65142
-13.396402,3,3.657841
3.319169,2,3.662219
-11.296258,5,3.671668
-4.012728,1,3.674284
-11.083329,3,3.680321
-2.363577,3,3.686563
-3.917585,4,3.694288
-12.000419,3,3.70055
-9.36686,3,3.706658
-8.392641,3,3.712711
-9.671002,1,3.715318
0.794748,4,3.723016
-6.30527,2,3.727371
-5.288683,1,3.729993
7.854798,4,3.737718
-6.281433,3,3.743768
-30.931715,11,3.763808
-4.718321,3,3.769916
-2.029845,1,3.772497
2.356904,2,3.776811
-21.323447,8,3.791501
-10.231373,2,3.796003
1.994322,1,3.798631
2.690449,7,3.811975
0.145841,1,3.814679
-5.293815,1,3.81728
-9.366636,7,3.830178
0.275896,1,3.832818
1.782773,1,3.835481
-11.433252,5,3.845212
1.604343,2,3.849512
-2.675988,1,3.852419
-2.517049,3,3.858665
-3.911081,5,3.868388
-0.267922,1,3.871157
-2.416755,1,3.873733
-9.961841,7,3.886578
-16.514878,9,3.902894
-0.417361,4,3.910738
-5.929946,8,3.925395
-7.25709,1,3.9281
-3.572276,1,3.930712
-7.270405,5,3.94022
-9.798337,6,3.951917
-8.841688,4,3.959866
-3.663455,1,3.96253
-2.137647,3,3.968588
-4.059951,1,3.971231
-2.546583,2,3.975589
-7.650513,1,3.978262
-11.100585,3,3.984371
-0.875552,1,3.987085
-5.784887,1,3.989767
-11.018538,6,4.001218
-7.355917,2,4.00589
-11.611627,6,4.017266
-12.881246,4,4.025161
0.690997,3,4.031259
-0.701419,2,4.035651
-1.496583,5,4.045261
-2.494438,2,4.050051
-10.394926,1,4.05353
-3.580784,1,4.056678
-0.638449,1,4.059803
-6.738485,4,4.068135
-5.780078,1,4.07092
-2.062312,1,4.073712
5.92749,3,4.080182
-4.57033,1,4.083
-6.785398,1,4.085756
-1.770965,1,4.088566
12.620094,5,4.09869
-8.663968,3,4.105436
-9.549405,1,4.108408
-4.353073,1,4.111253
8.557292,4,4.119602
-4.819219,3,4.126221
0.596926,3,4.132776
13.420039,12,4.156148
-6.74588,5,4.166312
0.89713,1,4.169128
-4.433581,1,4.171934
-5.81221,3,4.178372
-16.672151,3,4.184878
-1.444217,1,4.187676
-5.477489,1,4.190684
-2.333674,3,4.197552
-7.497476,6,4.208953
2.590561,1,4.211846
-4.456829,3,4.218342
4.635058,5,4.228456
-8.337275,3,4.235089
7.206738,2,4.239739
-8.449805,1,4.242521
-5.912842,1,4.245363
-6.29279,4,4.253908
0.470426,2,4.258303
-8.382305,1,4.261053
-3.867717,2,4.265349
-11.280695,3,4.271344
-0.87966,5,4.280828
11.170108,6,4.292035
1.201671,2,4.296491
-5.696417,1,4.299166
5.569413,6,4.310997
-7.544473,3,4.317038
-2.985567,5,4.326541
-16.315083,5,4.336825
-6.4254,2,4.341553
-7.46937,5,4.351994
6.665521,5,4.362411
-3.466125,1,4.365328
-3.154966,1,4.368133
-6.416512,8,4.384001
-9.165254,1,4.386926
-8.078205,2,4.391652
4.478174,2,4.396313
-1.764352,2,4.401329
-6.067006,2,4.406271
0.176749,1,4.409184
-3.476732,4,4.417533
-4.691502,3,4.424073
-10.376038,4,4.432523
-3.167254,1,4.435356
-9.733302,2,4.440036
-4.177292,2,4.444774
-2.841983,4,4.453487
4.20853,5,4.463686
2.815251,5,4.473977
-0.716513,2,4.478731
-0.264196,2,4.48375
-7.094743,1,4.486607
-0.12482,4,4.495036
0.324619,2,4.499674
7.461595,6,4.512249
0.653756,2,4.516969
15.471201,4,4.525267
-5.013996,4,4.533685
-10.712698,2,4.538375
-3.177493,2,4.54303
-10.053963,2,4.548158
-1.499082,1,4.551254
-5.530122,4,4.559316
-5.97297,1,4.56198
-8.320763,1,4.564601
-5.103493,1,4.567296
0.477658,4,4.575084
4.94059,2,4.579496
-0.055574,1,4.582116
-17.054968,3,4.588283
-5.770659,1,4.590932
2.612219,2,4.595301
-1.176579,2,4.599903
-2.535614,5,4.609638
2.608534,4,4.618026
1.117533,2,4.622817
-9.062163,10,4.642121
1.810315,10,4.662347
-9.730579,3,4.668811
-3.358342,1,4.671597
-5.410419,1,4.674441
-18.542529,10,4.693778
-4.511816,4,4.702159
-8.600479,2,4.707007
-2.267177,2,4.711714
-10.600171,5,4.721882
-5.893474,2,4.726673
-2.945898,6,4.738944
2.838189,1,4.741611
-4.497868,1,4.744311
0.20176,2,4.748684
-8.214385,3,4.754998
0.44356,4,4.763042
2.729515,2,4.767513
-2.339977,1,4.770186
-0.805937,1,4.772883
-11.271267,2,4.777226
-1.330514,3,4.783282
3.013106,6,4.794495
-2.540037,3,4.800565
-7.95026,1,4.80337
-6.486061,1,4.806006
14.917323,11,4.82576
-3.271106,1,4.828435
-4.896051,1,4.831097
-0.82715,1,4.833686
-10.481607,2,4.838062
-5.303753,1,4.840721
-7.855577,1,4.843358
-12.637276,5,4.85306
-3.919951,1,4.855881
-7.611101,1,4.858588
-0.267506,3,4.864592
-3.160543,6,4.875778
10.055769,4,4.883652
-3.889559,4,4.891309
1.233961,4,4.899117
-4.639327,3,4.905212
-1.536985,4,4.912898
-7.145722,3,4.918845
-2.529345,1,4.921445
-2.120925,2,4.925804
4.761001,6,4.936869
-6.149657,1,4.939456
-10.600963,1,4.942037
-3.675845,4,4.949768
-1.202383,4,4.957693
-3.072614,6,4.96904
-0.562284,1,4.971658
0.166037,2,4.975985
0.421196,1,4.97859
-5.265495,1,4.981214
0.70149,2,4.98549
-6.929518,2,4.989865
-3.626489,1,4.992439
-4.440287,5,5.001927
-1.027501,1,5.004598
-8.674398,5,5.014049
-1.419242,3,5.020178
-3.984378,3,5.026266
-0.417473,1,5.028933
4.549106,3,5.034899
8.412832,7,5.047811
-2.254428,1,5.050498
-3.082769,1,5.053263
-0.670424,2,5.057665
-3.581944,1,5.060337
-9.387098,9,5.078022
-12.877642,2,5.082358
-12.82891,4,5.090542
3.598732,1,5.093223
-6.395677,5,5.102908
-13.633191,15,5.129826
11.361856,3,5.13591
1.688541,5,5.145565
-12.497602,3,5.153063
-4.279066,1,5.156404
-7.352915,1,5.159271
1.272383,1,5.162151
-11.30397,11,5.181665
-5.123664,2,5.186014
-9.795449,3,5.192164
-1.538052,1,5.194763
-3.89317,2,5.199472
1.721738,3,5.206363
-5.790559,2,5.211219
0.855657,2,5.21577
-4.26162,2,5.220266
-0.514141,1,5.222856
-14.32146,4,5.230679
-9.800216,2,5.234938
-6.308198,2,5.239363
-1.017327,2,5.243625
-8.339792,1,5.246245
-0.979812,7,5.259706
0.109461,1,5.262463
3.057742,4,5.270283
-4.140553,1,5.273099
-4.56782,3,5.279116
-7.094856,1,5.281884
-5.826235,5,5.29124
-6.025648,1,5.29392
-3.055366,3,5.300177
-4.266068,1,5.303028
1.956932,7,5.316172
-11.917474,4,5.324135
-5.397692,1,5.326804
-7.123408,2,5.331233
-2.804349,4,5.33905
-4.010429,2,5.343572
-6.118151,2,5.347996
3.367017,8,5.363515
7.494311,2,5.368041
-6.485027,8,5.382804
-0.650258,1,5.385416
3.577772,2,5.390036
-6.91598,10,5.408713
1.689817,3,5.41503
-4.867728,1,5.417678
-9.137518,2,5.422184
-3.871771,1,5.424925
-2.026503,1,5.427525
-0.192619,8,5.442354
-3.956141,2,5.446707
-3.655855,1,5.44937
-6.33405,4,5.45744
3.353369,3,5.463896
-1.537153,1,5.466569
-3.627641,1,5.469267
-1.972767,6,5.48124
-14.066979,2,5.485851
-7.688671,1,5.488674
-3.951212,3,5.495172
-8.014031,3,5.501428
4.08783,2,5.506002
-5.973532,4,5.514125
-10.494785,4,5.522148
1.615698,2,5.526621
-12.253758,3,5.903759
-2.275054,1,5.906435
-4.960881,1,5.909371
-15.114872,3,5.915943
-2.024343,4,5.925699
-3.01062,1,5.928482
-11.083258,8,5.944342
-7.926614,9,5.963276
-7.510986,1,5.967178
-2.725869,3,5.974
-6.637092,3,5.980084
-0.081967,1,5.982725
0.347395,5,5.992123
-8.113228,4,5.99988
-1.531926,1,6.002702
-25.786418,4,6.491451
-13.80629,3,6.497807
-3.013365,1,6.500675
-2.359004,1,6.503406
0.661952,4,6.511482
-3.75956,3,6.517598
-4.494766,1,6.520315
-0.666178,3,6.526434
-6.091063,3,6.532538
-5.709343,4,6.540351
-5.997919,4,6.548142
-3.67323,2,6.553135
-2.829011,1,6.556309
-1.627655,4,6.564496
-12.738924,6,6.575708
-3.863203,2,6.580122
-3.501789,1,6.582769
-4.130307,1,6.585397
-3.976813,2,6.589803
-7.303887,1,6.592413
-5.8564,1,6.59512
-5.144557,1,6.597984
4.685288,2,6.602609
-4.635468,2,6.607377
-4.366277,1,6.610031
-5.564764,1,6.612696
-1.208091,2,6.617024
-7.8898,2,6.621359
-6.650327,1,6.624016
-1.23257,4,6.631726
-3.905221,1,6.634326
-0.945992,1,6.636911
-3.198242,3,6.642982
-4.544077,1,6.645632
2.912381,4,6.653528
0.533602,2,6.658156
-2.39468,5,6.667959
11.548035,3,6.674003
2.552373,1,6.676692
-1.496778,3,6.683005
-8.722434,7,6.695889
-0.845815,2,6.700311
0.15793,3,6.707187
-0.511768,7,6.720338
-5.294404,1,6.723017
1.722048,7,6.735968
-6.235914,1,6.738631
-2.820883,1,6.741326
-7.605165,1,6.743988
-6.922912,1,6.746646
-1.917711,2,6.751359
-3.460346,3,6.757908
0.962996,1,6.760571
2.078665,1,6.763283
-6.90516,1,6.765971
-3.608369,2,6.770336
-4.901697,2,6.77468
1.564519,1,6.7774
-6.269976,2,6.781844
4.385255,6,6.793164
-4.861151,2,6.797596
-2.625674,7,6.811058
-2.304225,2,6.815482
-3.19954,2,6.819973
1.352201,1,6.822589
-2.59023,1,6.825298
1.53906,2,6.829709
-3.060281,3,6.835802
-5.335474,2,6.84018
-3.600418,2,6.844498
-1.041528,1,6.847316
7.385706,4,6.855415
-8.456836,2,6.859885
-14.977627,6,6.871227
1.438414,1,6.873958
-4.051227,4,6.881775
-4.48349,1,6.88473
-12.008081,15,6.911567
-8.391205,1,6.914262
-4.880902,3,6.92032
-5.709482,1,6.92297
0.776368,10,6.941042
-1.690621,2,6.945653
-1.087312,2,6.950246
-4.577322,1,6.953169
1.231574,2,6.957624
2.528054,6,6.968789
8.109513,4,6.97661
-2.744462,4,6.984435
-3.973853,2,6.98879
-0.211398,1,6.991486
0.764427,1,6.994114
-0.884922,5,7.003784
4.30068,3,7.010149
-3.128056,5,7.019843
-0.808125,1,7.022554
7.559892,5,7.03207
-5.370092,2,7.036402
-1.375429,2,7.040761
-0.159322,1,7.043424
-3.568335,1,7.046053
-3.434928,1,7.048975
-0.406853,3,7.055311
-5.639381,4,7.063254
1.32917,5,7.072733
-3.699388,1,7.075391
-5.487391,1,7.078048
-2.088132,2,7.082388
-10.663936,3,7.088404
-1.468828,1,7.091085
-1.374483,4,7.099
0.052322,1,7.101663
-12.156985,3,7.107842
-6.885893,4,7.115613
0.475755,1,7.118304
-2.731515,1,7.120929
23.512889,6,7.132182
-2.924319,2,7.136506
-0.133254,1,7.139231
-2.788171,1,7.142313
33.081573,11,7.162701
-4.85848,2,7.167101
3.742828,1,7.169719
-5.614899,8,7.1842
-2.550454,1,7.186941
7.702403,5,7.197214
0.855311,3,7.203846
4.992684,6,7.215292
-13.045478,3,7.221345
-3.229634,1,7.223958
-19.691797,8,7.238626
1.146328,1,7.241321
1.428321,2,7.245642
-3.3318,1,7.248363
3.856299,4,7.256531
-4.664533,3,7.26271
-2.1662,6,7.273783
-1.974977,4,7.281546
3.263255,2,7.28592
-6.454077,2,7.290227
-1.622067,1,7.292839
-12.152067,4,7.300812
-4.500225,2,7.305295
8.470492,4,7.313127
9.915653,9,7.329516
11.491924,7,7.342424
1.36581,1,7.34505
-0.042421,3,7.351231
-3.713983,1,7.35405
1.047643,5,7.363667
8.699908,9,7.380216
-0.29747,2,7.384601
-2.054368,2,7.389046
-5.606697,2,7.39343
-11.389296,3,7.399426
20.210791,11,7.419632
10.352083,4,7.427475
7.441276,6,7.43881
-10.570237,3,7.444953
-9.149279,3,7.451173
-2.835723,2,7.455645
-4.603503,2,7.460255
-8.387447,2,7.464656
-8.207542,1,7.467288
-7.767134,1,7.469944
-2.414076,2,7.474262
-3.843112,2,7.47861
2.562889,2,7.48296
6.743381,8,7.497681
4.790018,3,7.504543
3.124488,3,7.51112
1.745528,3,7.517289
-7.151056,4,7.525348
-4.284179,3,7.531905
-20.933249,6,7.54301
2.27302,5,7.552701
-11.341473,14,7.578095
-5.148213,1,7.580837
-9.448476,2,7.585249
-0.560841,2,7.589597
-5.301198,1,7.592212
3.813566,1,7.594886
-4.684302,2,7.599206
-3.066987,2,7.603686
0.593717,4,7.611681
-5.303494,5,7.621188
0.801675,2,7.625528
-2.160517,3,7.631592
-6.498464,1,7.63423
-6.201467,10,7.652598
0.229658,1,7.655729
-0.904823,1,7.658977
4.270076,3,7.665156
29.70992,11,7.685185
-0.220632,1,7.687843
-3.296763,1,7.690433
-8.269099,2,7.694759
-7.862207,1,7.697362
-0.052558,7,7.710609
-6.076009,4,7.718395
1.461881,3,7.724446
-8.862937,1,7.727113
0.947867,2,7.731447
-7.036913,2,7.735786
-5.745611,4,7.743598
-7.059552,7,7.75696
-6.94421,1,7.759583
-0.117106,1,7.762254
-4.853322,8,7.776859
1.419324,2,7.781194
-9.829756,1,7.783867
0.533634,6,7.795212
1.880629,9,7.811883
2.831173,7,7.824708
-13.509777,3,7.830752
-11.439202,3,7.836961
-4.601748,1,7.839594
1.201407,1,7.842238
0.657548,1,7.844913
1.244291,3,7.850911
-5.849458,1,7.853718
0.03813,1,7.856375
-2.458934,1,7.859107
2.180432,3,7.865244
0.324626,1,7.867875
-4.401447,1,7.870475
-2.852558,1,7.873122
-7.990155,2,7.877395
-6.005429,1,7.880042
1.465829,1,7.882637
-15.607331,5,7.892085
-2.335748,3,7.898134
4.456746,2,7.902726
-4.677069,1,7.90541
2.256375,1,7.908149
-5.139332,1,7.910857
-5.468573,1,7.913514
-2.600513,1,7.916156
2.3987,3,7.922189
-3.255932,4,7.929968
-13.501017,5,7.939389
-6.568669,1,7.942015
-0.642354,1,7.944678
-8.039103,8,7.959646
-8.419767,2,7.964016
5.81372,4,7.972142
2.199007,2,7.97702
-2.754423,2,7.981822
1.077072,1,7.984486
4.976494,6,7.99573
-0.685793,2,8.000202
4.405183,1,8.002859
-5.03931,1,8.005558
-0.502737,1,8.008225
-5.396037,1,8.01088
-4.455447,1,8.013494
-5.708766,3,8.01952
5.177845,5,8.029003
-3.209286,4,8.036778
-2.84089,1,8.039413
-4.408174,2,8.04379
-5.152417,1,8.046458
3.584527,2,8.051183
0.343046,7,8.064387
3.258318,2,8.068763
-4.41406,3,8.074921
-3.468847,2,8.079323
5.891705,5,8.089024
-12.893395,2,8.093436
1.170624,2,8.097964
-6.907118,5,8.107653
-3.702716,2,8.112308
-8.834431,3,8.118467
-2.542506,1,8.121143
-1.258547,6,8.132376
4.695372,5,8.142064
2.896166,3,8.148325
0.802225,1,8.151546
-1.799593,2,8.156156
-2.100989,1,8.15922
-3.88825,1,8.161857
-9.257549,3,8.168118
-9.948422,3,8.174486
-4.770425,2,8.178957
-0.562569,2,8.183352
-5.432696,3,8.189855
1.040065,2,8.194597
-1.044149,2,8.199055
2.238464,2,8.203822
-6.996218,1,8.206635
-7.398608,10,8.22484
-15.178454,3,8.230972
-7.764098,3,8.237046
-5.560785,1,8.239728
-2.642972,1,8.242433
-1.803363,2,8.246819
-7.499027,1,8.249871
5.411123,10,8.268066
-1.327111,1,8.27076
6.720505,2,8.275137
-23.028475,10,8.293234
-1.339435,2,8.297735
2.582158,4,8.305735
-0.647791,2,8.310152
-3.375397,1,8.312823
0.65306,3,8.319024
-4.021699,1,8.321662
-0.027562,1,8.32438
-4.94016,1,8.327036
-6.53517,6,8.338137
-12.159068,3,8.344166
-6.335707,1,8.346764
-14.880785,4,8.354567
-3.221608,4,8.362446
4.528513,3,8.368477
1.45552,1,8.371107
-3.376624,4,8.378895
-16.594616,6,8.390112
-2.3744,1,8.392804
-4.733625,5,8.402449
-7.586442,4,8.410493
-4.287503,2,8.41495
-6.441521,2,8.419284
0.353869,1,8.421931
-5.177197,1,8.424503
-2.046004,4,8.43225
-10.087415,2,8.436641
2.781656,3,8.443067
-1.962128,2,8.44743
-1.961705,2,8.451957
-8.336347,1,8.454624
-5.971848,1,8.457465
-5.192332,1,8.460073
0.954043,1,8.462731
-11.979711,3,8.468829
-0.594466,3,8.474913
-2.63283,1,8.477594
0.710919,7,8.490522
0.075011,4,8.498528
5.723572,6,8.509891
-9.669093,1,8.512527
4.740013,2,8.516891
-1.092113,2,8.521239
-14.27613,2,8.525542
-11.478609,4,8.53357
4.366542,3,8.539562
-5.799457,1,8.542214
1.453009,1,8.544802
-6.668904,1,8.547561
-8.274882,1,8.550223
-10.773503,2,8.555306
-5.82431,1,8.557979
-6.501321,1,8.560612
-1.277794,1,8.563278
-2.003185,1,8.565929
-6.902086,3,8.572015
-0.592107,1,8.574669
-5.803752,1,8.577334
-4.45725,1,8.579957
-3.599312,4,8.587748
-2.266897,2,8.592118
3.824421,7,8.605134
2.477573,4,8.613065
-12.586625,3,8.619165
-1.944981,7,8.63211
-2.669268,2,8.636425
-1.889445,3,8.64252
-4.209636,1,8.645145
0.839526,1,8.647759
-1.727561,3,8.654137
-13.352375,3,8.660736
-14.914212,7,8.673674
2.54902,1,8.676325
6.431046,2,8.680805
8.56856,4,8.688556
0.462641,4,8.696269
-0.908882,2,8.700809
-7.370079,1,8.70348
-8.724786,1,8.706211
4.226699,2,8.710601
4.457241,4,8.718345
0.581581,1,8.721133
-7.710028,2,8.725479
-5.480108,2,8.729805
-18.454298,7,8.74262
-7.370578,1,8.745267
-15.792422,6,8.757015
-19.675559,3,8.763202
-1.992637,1,8.765847
-2.050409,1,8.768498
-10.245071,1,8.771188
-2.740937,2,8.775616
-2.534734,1,8.778261
3.627725,1,8.780943
-5.177455,1,8.783554
-4.209691,1,8.786158
-2.031842,1,8.788776
-2.014679,1,8.791437
-9.256178,1,8.794115
-14.229684,3,8.800241
-8.533739,2,8.804829
-12.604101,10,8.823332
3.787712,3,8.829542
-2.063314,1,8.832222
-9.01391,1,8.834895
5.420202,1,8.837544
-8.274338,3,8.844082
-3.022919,1,8.846789
-13.591261,3,8.852968
5.457239,3,8.859286
-3.338763,4,8.867842
-9.183721,1,8.87051
0.780681,2,8.874864
-11.184507,3,8.880988
0.686783,5,8.890403
-7.214333,3,8.896422
-7.008294,6,8.907735
-4.52548,2,8.912121
-7.057874,2,8.916443
-0.582995,1,8.91909
0.066594,2,8.92344
-3.277318,2,8.927778
11.522169,6,8.938904
6.207578,9,8.955765
0.944759,5,8.965359
-2.523706,4,8.97308
-6.86218,4,8.980925
3.375422,3,8.987013
-8.15565,6,8.998345
-1.519175,2,9.002937
-1.08402,5,9.012789
5.400747,3,9.018876
-2.650245,3,9.02496
-4.857776,1,9.027581
-6.647591,2,9.031942
7.449281,2,9.036308
-19.670701,2,9.040679
-3.832518,1,9.043335
-10.894227,4,9.051162
-14.716546,6,9.062984
-0.861189,3,9.069087
-14.357871,3,9.075198
5.975441,6,9.086509
-12.050481,12,9.108525
-0.132002,7,9.121429
-4.305573,1,9.124116
9.140917,11,9.143884
1.161912,3,9.150156
0.796297,3,9.156391
-1.002432,13,9.180208
-4.842205,1,9.183008
-8.509026,2,9.187835
-4.890148,3,9.194496
9.319927,5,9.205793
-5.529247,5,9.215545
1.758746,8,9.230411
-1.640614,6,9.241677
-9.656076,1,9.244417
1.53597,6,9.256364
-8.719117,1,9.259066
-0.875561,2,9.263486
4.965555,3,9.269634
-5.266009,5,9.279235
-5.242086,1,9.281987
-1.320559,1,9.284613
-5.017576,5,9.294202
-7.725508,7,9.307565
5.666321,2,9.312386
-8.565292,3,9.318615
-5.921772,2,9.323018
-0.73285,3,9.329201
-5.74608,1,9.331874
-2.859881,2,9.336374
1.346752,1,9.339065
-5.679327,4,9.347269
-5.961552,1,9.350142
-6.188276,1,9.353226
-9.790747,4,9.36132
-0.634047,1,9.364026
-15.839846,7,9.377152
-2.24241,3,9.383293
-12.146956,3,9.389581
1.658945,3,9.395711
2.269848,6,9.407577
-2.346286,1,9.410346
0.94336,1,9.413038
-3.089136,1,9.415693
3.33517,2,9.420186
-3.248488,4,9.428071
-4.186601,2,9.432472
0.51829,2,9.436904
6.091915,5,9.446428
-6.637101,1,9.449327
-3.952668,1,9.45207
-8.593607,1,9.454764
3.866512,1,9.457485
-7.904331,3,9.463556
-5.391763,9,9.479887
-5.896565,2,9.48424
-5.838936,11,9.504301
0.94955,2,9.508716
-15.517027,8,9.523232
-0.21352,5,9.532659
-6.998489,2,9.536993
-12.57184,2,9.541379
-4.154612,3,9.547354
5.597504,6,9.558552
-4.128842,1,9.561345
2.178943,2,9.565696
-11.53859,4,9.573474
18.455745,4,9.581279
1.113678,2,9.585678
0.764548,2,9.590052
-6.165849,1,9.592762
-4.801342,1,9.59542
21.360971,10,9.614075
-3.306352,1,9.616751
0.229162,4,9.624578
-5.605656,4,9.6324
-1.736917,2,9.636756
-10.667659,4,9.644559
-4.410816,1,9.647203
-9.845455,2,9.651791
-2.554286,2,9.656283
-5.343355,6,9.667558
-7.369348,1,9.670285
-0.815788,1,9.672936
-2.153535,1,9.675543
-1.688909,2,9.679961
1.606211,3,9.686087
-3.555552,5,9.695528
-0.792501,2,9.700133
-3.705192,1,9.702865
-2.241582,5,9.712427
-0.773687,5,9.721955
-13.603539,3,9.728027
1.17346,1,9.730673
-8.997227,2,9.735061
-0.423982,1,9.737633
-1.037551,4,9.745367
-10.639108,1,9.74842
1.715996,3,9.754664
-1.910369,1,9.757339
-8.94245,4,9.765152
-4.295088,1,9.767757
-4.349023,1,9.770353
8.650415,7,9.783288
-5.267613,3,9.789344
-6.926244,1,9.791982
0.450166,3,9.798058
-10.970198,2,9.802667
7.495532,4,9.810731
-12.682436,9,9.827236
-2.611535,4,9.835024
1.275493,3,9.841551
1.239185,4,9.849442
5.795105,4,9.857465
-3.404448,1,9.860206
-1.045185,1,9.862917
-5.047141,1,9.865622
-4.320092,1,9.868279
-1.120531,2,9.872815
-4.102441,2,9.877166
15.412951,5,9.886599
5.453865,2,9.890894
-14.715413,11,9.911138
-3.653089,6,9.922599
-6.534583,2,9.926962
-15.05518,6,9.93831
-6.848595,1,9.940987
-5.377065,4,9.949042
6.55374,8,9.964449
-8.268332,4,9.972256
-2.885256,2,9.976659
-8.171316,4,9.984476
-3.040605,4,9.992548
3.590688,6,10.00421
-5.804005,5,10.014404
8.421409,3,10.020602
-5.963208,4,10.02843
3.671316,2,10.032845
-6.540284,1,10.03548
-3.729173,2,10.039892
-11.495231,7,10.053084
11.022419,6,10.064823
-2.712641,1,10.067503
-2.260239,1,10.070157
2.538357,4,10.078043
-8.919692,4,10.085891
-7.124325,2,10.090306
1.284737,2,10.094698
-5.048527,2,10.099164
-0.659615,3,10.105749
-2.813715,2,10.110557
0.107089,1,10.113341
12.209081,4,10.12132
-3.836282,1,10.123976
-18.351048,5,10.134211
-4.967391,1,10.136905
-1.35303,2,10.141632
-3.396294,1,10.144292
4.593661,6,10.155644
-3.059284,1,10.158544
-4.746457,1,10.161442
-4.069098,1,10.164274
-6.157091,4,10.172398
-4.50739,2,10.176951
-6.117815,4,10.185273
-9.193785,4,10.194298
-2.899535,2,10.199436
-3.871056,6,10.211416
0.677281,4,10.220765
-1.53016,1,10.223812
-6.038523,1,10.226909
2.859678,1,10.229712
-1.621328,1,10.232605
3.399729,2,10.237178
-4.219071,4,10.245452
-0.185849,2,10.250198
-4.842003,1,10.253048
-6.316134,1,10.256068
1.443849,2,10.260748
2.845335,8,10.276382
-1.570538,1,10.279216
-1.794377,4,10.287526
-0.352273,1,10.290325
-4.703141,1,10.293144
-9.628933,1,10.295995
-7.792487,3,10.302719
-2.972743,3,10.309613
-0.81014,1,10.312223
-4.524373,5,10.321707
10.332806,6,10.332916
-4.650661,1,10.335494
-0.603315,1,10.338088
-6.494478,1,10.340711
1.117203,4,10.348362
-6.596791,2,10.35284
9.379493,3,10.359078
10.004379,5,10.368497
-10.233094,6,10.379746
-6.423163,4,10.38755
-12.708269,6,10.398965
-2.517229,4,10.407083
-8.780239,2,10.411482
15.638272,6,10.422831
-4.856536,4,10.430597
-3.727642,1,10.433282
-8.551718,2,10.437618
2.828514,1,10.440385
-2.248993,1,10.443008
13.542544,14,10.468738
1.057664,1,10.471406
-4.073813,1,10.476067
1.721374,2,10.484346
-3.206186,2,10.489731
0.38658,2,10.494452
-6.077189,1,10.497921
-13.849454,5,10.508
0.565278,3,10.51512
-3.157376,1,10.517983
-8.670748,3,10.524539
-1.413711,1,10.52737
-3.90164,1,10.530192
-8.996248,3,10.536649
-1.166957,4,10.919578
-4.000866,1,10.922352
0.287435,1,10.925293
2.992591,2,10.930209
-11.271432,3,10.936599
3.226883,5,10.946266
1.490567,3,10.952669
-4.119315,1,10.955558
-9.793618,1,10.958259
-5.171579,3,10.965247
-4.717282,1,10.968704
2.94438,3,10.976424
-4.666211,1,10.979337
2.19927,9,10.996496
-4.017447,2,11.000834
-0.882468,1,11.00365
3.293322,2,11.008206
-2.479852,2,11.012856
1.34988,7,11.025785
3.109914,5,11.035227
-0.19417,2,11.039617
-12.535844,14,11.065618
-5.991356,1,11.06829
-5.087358,1,11.07092
-11.320267,4,11.078675
-4.916886,1,11.081302
-15.77879,5,11.090677
-3.013213,2,11.095186
0.25946,1,11.097791
-1.421449,2,11.102501
-10.639108,1,11.105351
-2.174465,4,11.113513
-6.530505,4,11.375617
-11.284456,5,11.385441
-5.73171,1,11.388105
-3.486271,1,11.39092
2.263892,2,11.395281
-2.695899,1,11.398039
-3.990034,4,11.406386
1.37781,4,11.414283
-1.08701,2,11.418659
-1.587104,2,11.42316
2.194378,4,11.431108
-2.899843,6,11.442744
-6.952023,4,11.450724
4.416952,3,11.457217
13.253642,3,11.463863
-1.428591,1,11.466493
0.016073,1,11.469374
-5.53949,5,11.478916
5.263913,3,11.485142
-3.850622,5,11.495235
-6.663987,1,11.497868
4.506347,4,11.506366
-8.979848,2,11.51098
-4.455527,4,11.518859
-2.688698,3,11.524968
5.941686,2,11.529352
-13.219774,6,11.540587
2.492994,3,11.546803
-10.835912,2,11.551402
1.889076,3,11.557535
7.222314,6,11.568824
-0.962664,2,11.573252
1.82452,6,11.584472
-2.894958,1,11.587148
-0.597814,1,11.589728
-2.498451,2,11.59418
-2.017434,3,11.600406
-6.13537,1,11.603214
1.581229,4,11.611117
-4.387565,1,11.613777
-0.592425,3,11.619928
-9.756256,2,11.624254
0.75601,3,11.630246
-1.097425,1,11.632917
-13.823882,3,11.639045
-12.988222,5,11.648861
-9.748105,2,11.653237
-7.465053,1,11.656012
-1.395216,2,11.660398
-0.206104,1,11.663382
-2.549593,2,11.667884
-1.041191,2,11.672544
1.327301,2,11.677096
-3.264036,3,11.683374
-14.857543,4,11.691206
-5.243534,1,11.693822
-6.913571,2,11.69816
-5.220827,1,11.700756
-4.225368,2,11.705228
-3.471207,1,11.707892
-6.46973,1,11.710634
-4.730744,1,11.713263
-7.477314,2,11.717608
-5.041894,2,11.721949
-6.411958,2,11.726275
-11.329423,13,11.749927
-0.104643,1,11.753019
-5.749996,3,11.759225
0.464948,4,11.767265
-1.342949,3,11.773344
4.617442,4,11.781067
-8.241502,3,11.787088
0.56507,3,11.793106
16.852435,7,11.806432
-5.381466,1,11.809238
-2.972535,5,11.818701
-1.709995,3,11.825009
10.833085,8,11.839854
4.422185,1,11.842534
1.821774,2,11.84691
-4.820754,2,11.851562
-2.534549,1,11.85419
-11.792796,8,11.868972
-5.180051,1,11.871634
-4.569411,1,11.874274
-0.596878,3,11.88035
-6.369645,2,11.884747
1.127519,4,11.892625
-9.230456,2,11.897094
-10.260768,4,11.905218
1.386433,1,11.907895
-8.138709,2,11.912306
-5.796024,1,11.914923
-4.824865,1,11.917537
1.084264,4,11.925311
-2.383655,1,11.927984
-2.716045,1,11.930551
-2.513879,1,11.933222
3.53499,2,11.937557
3.319759,8,11.952249
-3.43881,2,11.956906
8.29727,3,11.963122
1.565883,7,11.976035
-3.044044,4,11.983732
-8.537522,2,11.988081
-6.291439,6,11.999123
12.053777,5,12.009367
6.949293,3,12.015525
-3.487437,1,12.018167
3.137689,3,12.024318
-5.649151,4,12.0323
3.69394,2,12.036718
-5.88984,1,12.039404
-5.349127,1,12.042063
-6.169294,2,12.046439
0.796309,3,12.052928
-4.471758,3,12.059495
-7.783686,7,12.072488
-3.797714,1,12.075161
10.683855,5,12.08464
-4.26826,1,12.087288
6.375233,3,12.093384
-4.494882,1,12.096057
2.203117,3,12.102555
-2.776298,7,12.116836
9.969152,12,12.139991
1.747507,1,12.142845
3.164155,3,12.149879
-10.870504,5,12.160624
6.081909,5,12.170935
1.717723,1,12.173834
-0.702693,1,12.176678
-7.37398,5,12.18697
-6.333016,3,12.194054
-18.973622,4,12.203325
2.623703,2,12.207967
-4.412279,1,12.211081
2.269748,8,12.225735
3.772313,3,12.231766
1.879376,2,12.236214
-4.871579,4,12.244096
5.493722,3,12.2502
-5.516021,1,12.253227
-6.271377,1,12.256064
-3.028423,1,12.258961
16.717551,10,12.278613
4.259666,5,12.288908
-1.786896,1,12.291765
-3.222175,1,12.294629
-2.841303,4,12.303249
-1.604853,2,12.308352
0.661946,1,12.311271
-11.269495,3,12.317857
-4.361364,1,12.320673
18.071447,9,12.338133
-3.130405,1,12.340976
-5.473121,3,12.347435
-12.194086,3,12.35483
-2.799649,3,12.361528
-18.080489,8,12.377071
-4.472093,1,12.37987
2.754407,1,12.382693
-3.457014,5,12.392809
-6.330216,4,12.401587
-7.388225,1,12.404711
1.925125,1,12.407462
-0.47488,5,12.417036
1.844468,3,12.423114
15.589222,7,12.435987
-3.821187,2,12.440407
-3.031245,2,12.444896
-1.277178,1,12.447542
-9.12355,1,12.450289
2.201685,3,12.456598
-6.078952,1,12.459397
-2.119657,4,12.46734
-0.084661,1,12.469963
0.624528,8,12.484532
-0.672766,1,12.487214
-3.68003,2,12.491548
1.477984,3,12.497575
-4.414881,1,12.500305
-1.751319,4,12.508309
-15.16643,7,12.521341
-6.584357,1,12.523968
-6.600844,3,12.530005
-2.818266,5,12.539514
2.286086,4,12.547342
2.855791,3,12.55361
-8.126101,5,12.563313
-8.305232,2,12.567638
1.43669,2,12.572019
-0.536005,3,12.578059
2.284738,3,12.584072
-4.56648,1,12.586678
-4.591328,1,12.589341
-9.303648,2,12.593671
-3.399375,1,12.596317
-2.993814,4,12.604247
-4.776959,1,12.607004
-3.969143,3,12.61312
-0.730686,1,12.615749
3.344437,5,12.625268
-0.084768,1,12.627962
8.000458,4,12.635853
-2.98977,8,12.650699
0.648644,4,12.658604
-4.273574,10,12.67699
-3.624422,1,12.679713
-4.082873,2,12.684707
-2.901481,1,12.687418
-3.708649,1,12.690089
-9.311377,2,12.694512
-3.359253,2,12.698851
4.336835,5,12.708591
3.634981,1,12.711623
-7.915603,1,12.714336
-7.698755,1,12.717041
-5.657929,3,12.723208
6.502994,8,12.737825
1.341029,2,12.742164
7.781117,6,12.753658
1.517256,2,12.758162
-11.946667,4,12.766207
-7.132219,7,12.779134
-0.523478,6,12.79037
7.195574,3,12.796474
1.890444,2,12.80098
1.572639,1,12.803666
-5.293375,4,12.8116
2.097783,2,12.816033
-7.050594,2,12.820389
-2.633977,2,12.824737
-4.293223,1,12.827422
-1.577965,1,12.830116
-12.462393,4,12.838291
-15.281316,3,12.84431
-3.004304,3,12.850443
2.241642,2,12.854833
3.170212,4,12.862652
5.090931,4,12.870469
-4.534868,1,12.873155
0.586826,2,12.877518
-1.94864,1,12.880165
1.406754,1,12.882842
-2.37824,1,12.885518
-12.731355,5,12.89507
-6.250044,3,12.901201
7.54896,5,12.911084
1.934466,3,12.917212
-6.504542,1,12.919897
0.366112,5,12.929395
-1.15342,2,12.933777
-4.870841,2,12.938246
-0.489807,2,12.94263
9.70432,6,12.954543
-2.192134,5,12.964216
1.898469,2,12.968572
-8.305979,2,12.972951
-2.470688,1,12.975577
1.777026,4,12.983446
-6.229692,3,12.989601
-0.40455,2,12.994059
5.62179,4,13.002087
0.441537,1,13.004755
-6.892772,1,13.007516
-5.905436,2,13.011897
-12.379647,3,13.017996
4.015436,2,13.022397
-8.549178,1,13.025062
3.548451,3,13.031099
-2.140521,1,13.033696
-0.544575,4,13.041535
-15.108954,5,13.051399
-3.283044,2,13.05597
-4.174663,3,13.062107
3.600758,6,13.073232
1.094914,3,13.079338
-3.799169,1,13.08197
-1.337592,1,13.084583
-1.836957,1,13.087234
10.826608,3,13.093284
4.773431,4,13.101218
-2.377224,1,13.10399
-3.562415,1,13.106671
-10.21448,4,13.114478
-7.730118,4,13.122252
-1.394796,6,13.133468
1.246795,1,13.136106
-6.195836,2,13.140445
-5.608187,1,13.143093
2.274909,3,13.149237
-1.302271,2,13.153789
0.503833,4,13.161827
-1.307015,2,13.166246
-5.314637,3,13.172294
3.328868,2,13.176636
-1.528496,4,13.184366
1.534038,1,13.187153
-4.822361,1,13.190086
1.320158,2,13.194643
-4.295257,3,13.201073
5.811909,4,13.209226
2.621046,2,13.213581
-4.892595,1,13.216263
-9.081102,3,13.22227
-6.743488,3,13.228423
-5.841187,1,13.231093
-6.340554,2,13.235383
-6.273825,1,13.238014
-5.570176,3,13.244008
-1.094846,4,13.251981
2.985439,1,13.254612
-7.421639,1,13.25731
18.780685,12,13.278862
0.43126,1,13.281482
-0.108141,6,13.292903
-4.797416,2,13.298854
-0.118503,1,13.302098
1.17559,3,13.308889
-5.759081,1,13.311713
-18.488004,7,13.325622
-5.719791,1,13.328493
-4.179634,1,13.331441
-1.225299,3,13.338044
-4.792908,2,13.342516
-2.907365,1,13.34518
-4.761395,3,13.351531
2.483157,1,13.354375
1.059114,2,13.358835
-8.461256,1,13.361628
-2.076015,4,13.369599
-6.810534,1,13.372268
6.792052,6,13.383923
-2.85253,1,13.386554
-5.472697,2,13.391181
-12.214255,18,13.425889
5.450098,4,13.434423
1.051913,3,13.440997
-6.041382,1,13.444063
3.881797,2,13.448954
-5.70366,7,13.463531
-3.043409,2,13.468431
-6.34423,2,13.473302
-9.359813,10,13.491808
-11.048507,2,13.496232
-5.919106,6,13.507681
-5.838334,4,13.515538
-5.21802,1,13.518163
-4.112889,1,13.520761
-3.962424,1,13.523387
5.128025,7,13.536377
1.066954,4,13.544156
3.94499,2,13.548681
-0.396738,1,13.551537
-6.819525,1,13.554261
-2.506027,2,13.55876
-10.269111,6,13.570047
-3.75948,1,13.572669
0.434029,3,13.57878
-14.287823,7,13.591996
-6.232182,1,13.594594
-14.083907,2,13.599316
5.23398,9,13.615973
-12.472671,3,13.622106
6.800882,5,13.631551
-6.307151,6,13.642925
-14.100745,5,13.652751
-6.000537,1,13.655604
-3.043966,7,13.668704
-2.395561,2,13.673127
7.102632,2,13.677529
-4.050379,3,13.683888
-4.689412,5,13.693545
-3.919592,2,13.698022
-6.038896,7,13.711272
-3.866881,1,13.713933
0.205617,2,13.718314
-4.755285,3,13.724427
-4.507637,2,13.728772
-16.509199,6,13.739927
-3.003597,1,13.742605
-0.841816,9,13.759305
1.403989,1,13.761999
-5.315058,3,13.768112
-8.445077,3,13.774258
4.695463,6,13.785442
-3.676307,12,13.807251
-3.9127,1,13.809888
1.164837,4,13.817662
-5.09132,1,13.82031
-5.000971,2,13.824658
-1.063011,5,13.834175
7.417465,2,13.838662
-0.97171,2,13.843333
0.775098,4,13.851408
-4.075066,3,13.857733
7.127593,9,13.874577
-4.24329,3,13.880669
-0.478948,1,13.883328
-0.239838,2,13.887652
-5.460413,2,13.892011
-5.866804,1,13.894601
-8.323461,2,13.899017
-7.522967,1,13.90175
-6.043039,4,13.90976
8.910635,4,13.917533
-3.91147,1,13.920171
-6.904613,1,13.922826
-6.094678,3,13.928912
-13.732126,4,13.936684
-4.849203,1,13.939416
-5.471638,1,13.942083
-4.61485,1,13.944712
-3.180229,2,13.949063
-4.373528,2,13.953694
-2.855634,2,13.958165
-5.829633,2,13.962484
-4.965787,3,13.968513
12.040555,8,13.9831
-15.260587,3,13.989194
8.695274,9,14.005735
-0.094016,1,14.008505
-1.092414,2,14.012887
-7.322386,1,14.01548
6.637012,3,14.021528
-1.259246,1,14.024139
1.993688,3,14.030125
-4.858002,3,14.036344
5.616889,5,14.046252
-6.59259,2,14.050839
-5.391963,1,14.053499
-3.383106,4,14.061715
-1.695505,1,14.064309
2.999113,1,14.067022
-3.913095,6,14.078311
-12.390687,2,14.082704
-1.418549,1,14.085315
-0.258615,1,14.088043
-9.669547,6,14.099436
0.151865,1,14.102155
0.438714,2,14.106981
-7.724668,6,14.118883
2.198055,2,14.123297
-16.439443,3,14.129489
2.484015,3,14.135631
11.669241,8,14.151131
0.725378,3,14.157665
-8.298281,5,14.167274
2.091742,6,14.178637
5.531735,3,14.184731
-6.555507,1,14.187451
-9.08976,5,14.198031
-1.003816,1,14.201323
-2.242963,2,14.205872
2.815282,2,14.210452
6.664747,2,14.215128
-8.61498,1,14.217773
-8.604899,3,14.223894
-0.001173,1,14.22655
-2.924703,9,14.243129
-10.071466,5,14.2529
-1.678608,2,14.257906
-5.058731,1,14.260636
-0.762615,1,14.263309
-1.526288,5,14.272874
5.100323,2,14.277819
-7.028247,3,14.284011
-8.282257,3,14.290109
2.358927,1,14.292759
4.3548,3,14.299104
-4.520342,3,14.305672
-3.797443,2,14.310156
-14.376885,5,14.319719
1.558727,2,14.32414
-0.698419,1,14.326803
-9.995498,4,14.335171
-3.083234,1,14.337985
-3.508539,7,14.351264
-2.338065,1,14.354079
0.734386,1,14.356783
5.79758,3,14.363167
-8.235357,3,14.369329
-12.804051,4,14.377223
1.083345,1,14.379938
-0.03367,5,14.38956
-0.422654,1,14.392247
-9.770123,6,14.403903
-1.583202,2,14.408637
1.728207,2,14.413139
-3.107286,1,14.415766
4.475901,7,14.428868
-12.573904,7,14.441875
-14.041152,2,14.446309
-2.850626,1,14.448975
-4.467419,1,14.452186
-0.962799,6,14.463912
-7.236419,2,14.468359
-6.949078,1,14.47123
-0.137992,4,14.479314
-5.075418,2,14.484058
2.860089,2,14.488562
0.830373,3,14.494907
-2.073464,1,14.497554
2.206572,1,14.500505
-6.73884,2,14.505034
-5.563963,3,14.511268
-11.525604,3,14.517412
-2.22662,10,14.535684
-7.669994,3,14.541775
2.792248,7,14.555289
-5.146611,1,14.557986
-0.639642,1,14.560645
-9.007407,3,14.566765
-1.104102,7,14.579697
-3.659009,3,14.585742
-2.806204,1,14.588477
2.13431,2,14.592865
-11.988746,3,14.598924
2.017451,4,14.606836
-1.305373,3,14.613166
-2.774117,6,14.624526
-0.832357,3,14.630725
-4.096683,3,14.636994
-7.499398,2,14.641462
16.38162,6,14.652982
-3.773321,1,14.655665
-3.921896,1,14.658624
-3.087288,3,14.664785
8.901955,3,14.670996
-4.878175,1,14.673663
-12.20873,2,14.678105
2.336214,2,14.682606
-4.407946,2,14.687074
-6.41849,2,14.691415
-3.113334,2,14.695774
-5.527976,4,14.703577
1.230607,4,14.711826
-1.354201,3,14.717977
-2.549105,2,14.72235
-6.163498,1,14.725022
3.979097,1,14.727715
2.629277,1,14.730402
-1.850246,1,14.733062
-2.013279,6,14.744277
-5.269251,1,14.746923
1.148857,2,14.751757
0.768117,1,14.754661
4.191801,2,14.759168
-4.725948,1,14.761898
-6.561427,1,14.764602
-6.596677,1,14.76729
-5.156989,1,14.769939
1.055098,3,14.77615
-4.240255,3,14.782577
-4.336634,8,14.797249
0.0419,6,14.808694
-3.061376,2,14.813133
-2.169067,2,14.817563
-2.533601,4,14.825399
7.499123,4,14.83324
3.374946,4,14.84107
4.241821,1,14.843687
-2.576952,1,14.846374
3.785651,1,14.849049
0.444505,5,14.859014
-12.806304,8,14.87408
-6.070942,2,14.878475
-4.149717,2,14.882872
-3.517822,1,14.885499
-2.865514,4,14.893214
4.781399,4,14.900989
0.609275,1,14.903731
-17.806332,3,14.910059
-4.208349,1,14.912725
7.239815,5,14.922226
-1.509885,1,14.924845
-1.203791,1,14.927519
-0.660327,2,14.931821
-7.159536,1,14.9344
-4.64185,2,14.938763
-1.264514,1,14.941387
8.906302,7,14.954533
-8.084589,3,14.960832
5.464286,6,14.972013
-5.441868,3,14.978168
-4.3113,1,14.980773
-1.029593,2,14.985162
-3.202523,2,14.98946
-5.579274,1,14.992105
7.631963,9,15.008882
0.439843,1,15.011587
-9.083187,1,15.014269
0.471773,2,15.018641
-2.836938,1,15.021289
2.658826,2,15.025694
-1.469606,3,15.031793
-3.024355,1,15.034433
8.974975,4,15.042274
-9.320802,8,15.057436
3.399169,4,15.065406
8.231298,4,15.073291
8.493247,7,15.086261
-2.864157,3,15.092415
-6.054015,4,15.100213
-5.52975,1,15.103165
-7.508116,2,15.107692
-3.628509,1,15.110549
-5.957175,5,15.120121
-6.981873,2,15.124512
1.936966,3,15.130659
-6.21197,4,15.138536
-7.574334,1,15.141157
-7.064336,1,15.143766
-1.807573,2,15.148167
-14.364942,2,15.152691
-3.709627,1,15.155429
-4.104133,1,15.158202
-5.444088,1,15.160921
-9.581686,10,15.179229
-1.161574,1,15.181902
-4.305984,3,15.188323
5.971629,2,15.193268
-6.143709,1,15.195985
-4.157628,4,15.20436
0.22113,4,15.212548
-1.239012,1,15.215235
-5.278562,4,15.222971
-3.864023,3,15.229
4.055819,6,15.240311
10.36824,5,15.250219
-7.507655,1,15.253002
-11.067465,4,15.261274
-9.713034,3,15.267494
-5.941617,1,15.270186
-5.814395,1,15.272835
-7.903358,4,15.280836
-3.12982,3,15.287139
-10.051085,6,15.298505
-4.744597,2,15.303091
12.869557,7,15.316448
-6.93308,7,15.329494
0.209248,2,15.33396
0.394854,1,15.336586
-4.835344,1,15.33926
-5.664699,2,15.731273
-6.733067,1,15.733975
2.947381,2,15.738539
13.027801,8,15.755002
-6.025636,3,15.761939
-9.948442,1,15.76496
-12.67276,2,15.770129
-5.236631,1,15.773098
-11.764209,14,15.801699
2.884646,2,15.806244
1.765716,3,15.812521
-2.851178,6,15.823786
-6.510231,1,15.826443
-6.139519,2,15.830911
-3.368629,2,15.835284
-3.788392,3,15.841446
-5.349048,1,15.844228
-3.574913,1,15.846849
-1.346551,1,15.849559
-8.033803,1,15.852458
4.332817,3,15.858839
-5.332519,1,15.861578
5.266179,3,15.867826
-5.294639,2,15.872221
-10.824651,3,15.87831
-2.165314,2,15.88272
-9.165678,1,15.885319
-4.889233,1,15.888005
-12.542137,4,15.895772
-8.829898,1,15.898407
-4.493148,4,15.906525
-4.093076,2,15.911134
-13.473665,6,15.922393
6.639318,4,15.930226
-4.881987,1,15.932829
-0.409557,2,15.93715
-3.726206,9,15.954036
-4.089754,1,15.956908
-4.290919,3,15.962987
4.148967,4,15.970783
-6.046115,5,15.980286
-5.723869,2,15.984608
-0.961304,2,15.989072
-3.906614,3,15.995129
4.09572,3,16.001264
-3.5103,5,16.011109
-9.716283,2,16.015474
-5.680273,3,16.021589
0.933488,1,16.02431
-3.730292,1,16.02696
0.921627,5,16.305242
-1.218279,2,16.309847
2.609341,1,16.312606
0.433385,1,16.31529
-4.141754,1,16.318146
-13.049425,8,16.332947
-13.805714,3,16.339103
-3.860866,2,16.343592
-6.878167,2,16.348142
-2.251227,2,16.356366
-7.634893,1,16.359381
-6.693406,1,16.362046
5.446286,2,16.366456
-4.222044,1,16.369089
0.024089,1,16.371758
-3.906374,2,16.376942
-5.669624,3,16.386206
-2.935945,1,16.388893
-8.745842,4,16.3967
5.161512,4,16.404894
-4.507068,1,16.407739
1.919921,1,16.410423
-3.64846,3,16.416562
-3.883709,1,16.419203
-6.617655,1,16.421813
3.089243,4,16.429531
0.917892,4,16.437423
-4.423418,2,16.441812
-0.809014,1,16.444429
-6.215698,7,16.458461
-5.2334,1,16.461396
-2.520339,2,16.465762
-0.941616,5,16.475319
-4.960734,1,16.478027
1.383002,3,16.484123
-0.543156,1,16.486741
6.38032,2,16.491168
0.502512,1,16.493857
-4.332485,3,16.50035
-6.994485,2,16.505383
-3.877192,2,16.510046
-6.079912,3,16.516477
-4.023688,1,16.519287
-1.25002,2,16.523839
2.116946,4,16.532092
-0.377697,1,16.534863
10.620987,7,16.548131
-4.714805,2,16.553069
1.155018,1,16.555914
1.045825,2,16.560957
5.150879,2,16.56549
-8.759929,3,16.571645
0.278697,2,16.576026
-9.136041,2,16.580348
-3.476815,1,16.583074
-4.893589,1,16.585757
-4.064765,4,16.594619
17.214282,7,16.60878
4.943423,3,16.615045
-3.222608,2,16.619409
-2.373895,1,16.622151
10.838763,5,16.631751
-7.077381,1,16.634422
1.308052,2,16.638777
-3.482241,3,16.644957
-2.335683,1,16.647688
-3.804835,2,16.652353
-1.162923,6,16.66401
-4.688686,4,16.671909
0.747235,5,16.681573
0.105967,2,16.686
-5.68241,3,16.692079
-1.909771,1,16.694724
-3.334187,1,16.697372
-3.825878,2,16.701886
-2.644863,2,16.706424
7.281172,5,16.715944
-0.873393,9,16.7324
-3.549759,5,16.741874
-6.3275,2,16.74618
0.09078,1,16.748913
-2.158657,4,16.757013
-8.867677,5,16.766642
-0.148615,6,16.777995
-4.525578,2,16.782427
-11.215287,2,16.78676
-8.916418,1,16.789451
-5.18058,1,16.792136
-7.862207,1,16.794755
-0.20538,4,16.802813
-4.53085,1,16.805463
-6.626481,3,16.811717
-1.336556,4,16.819625
-7.25845,1,16.822285
-3.101647,2,16.826642
1.669593,2,16.831022
-0.630132,1,16.83373
-2.251081,5,16.8433
7.657152,6,16.854793
-8.180669,1,16.857625
-4.075034,1,16.86036
-6.640904,3,16.866429
1.439313,3,16.872478
-7.314505,1,16.875139
7.95277,5,16.884761
-7.88786,2,16.889124
8.016605,10,16.907636
-1.237028,7,16.920769
3.089719,4,16.928572
1.491539,1,16.931193
-3.004464,1,16.933836
8.795238,4,16.941707
-8.413006,1,16.944314
0.166995,1,16.94708
-14.143361,9,16.96398
-13.862444,2,16.968422
-9.063548,6,16.979722
-0.376148,2,16.984184
0.192862,2,16.98865
-6.438704,2,16.993158
-0.492867,2,16.997532
-5.004317,1,17.000195
-3.222225,1,17.002909
-2.377284,2,17.00742
-2.912387,4,17.01535
-1.064116,2,17.019699
-1.499045,3,17.025746
-0.144408,4,17.033618
-5.432078,1,17.036264
0.548711,1,17.038886
-0.147388,2,17.043208
9.359265,4,17.051161
-7.269571,1,17.054215
-1.377154,1,17.056854
-3.41313,2,17.061349
-5.21259,2,17.065658
-2.439081,2,17.069966
-1.833065,4,17.077672
-7.314816,3,17.083674
5.97719,3,17.089702
-5.3189,1,17.092382
10.637422,6,17.103763
1.448674,8,17.118465
-8.418918,1,17.121151
-3.088266,3,17.127089
3.544712,5,17.136475
1.625416,3,17.142554
-6.361566,2,17.146852
-2.41419,2,17.151445
-2.449008,3,17.157614
-7.21327,1,17.160281
5.03861,4,17.168101
-3.387334,1,17.170722
-5.698508,4,17.178395
-6.840608,4,17.186129
11.660902,8,17.201486
3.90751,2,17.206017
2.727946,6,17.217234
-11.576728,10,17.235322
-1.164913,1,17.238038
-1.854512,4,17.245957
0.715212,1,17.24862
-11.411467,12,17.270601
0.191326,2,17.275043
14.004532,9,17.291595
-2.328781,1,17.294383
10.869508,7,17.307844
1.943269,1,17.310706
1.124173,9,17.327012
9.065349,4,17.33486
4.886258,4,17.342649
-3.543009,2,17.347085
-2.855821,2,17.351621
-10.100691,2,17.356046
-0.665763,1,17.358829
-3.595557,2,17.363166
-5.269857,1,17.36583
7.263189,2,17.370201
-3.410036,1,17.372952
0.925702,3,17.379068
-1.048205,6,17.390389
-0.508092,1,17.393072
-19.353254,9,17.413549
-4.368212,2,17.418781
-14.469732,3,17.42533
-3.02864,1,17.428041
11.007118,9,17.445444
-2.224033,9,17.463361
-8.372041,5,17.473179
-2.600097,1,17.476133
-4.043766,1,17.47876
8.149653,2,17.483343
1.467658,1,17.485984
-4.012184,3,17.49221
-6.013112,1,17.495074
-2.762553,1,17.49775
16.940656,9,17.515365
7.758064,4,17.523188
-3.566344,1,17.525789
1.622903,1,17.528435
4.524344,2,17.532785
-8.774914,2,17.537346
-2.64047,1,17.540191
-6.336062,1,17.542821
-7.077585,2,17.54721
5.19017,2,17.552012
-1.225521,1,17.554702
-1.304598,3,17.560905
3.664149,3,17.566914
-0.346674,7,17.579954
-5.597794,3,17.586108
2.127518,3,17.592317
-2.693789,1,17.595044
-1.868933,1,17.597687
-0.533785,3,17.604047
2.8125,3,17.610755
2.115989,2,17.615324
-0.189493,1,17.617975
-4.505629,1,17.620686
-4.949486,3,17.62687
-2.970451,1,17.629539
-0.663784,2,17.634141
-4.246155,3,17.640558
-2.0586,3,17.646592
-0.628644,4,17.654768
-0.896345,19,17.688382
-5.04738,1,17.691087
-4.080402,1,17.693659
-2.39516,6,17.705571
-3.913427,1,17.708196
-2.915045,1,17.710892
1.502301,1,17.713458
14.071265,12,17.735268
-1.190696,1,17.73791
0.798057,5,17.747767
5.867618,2,17.752629
5.759049,2,17.757286
2.182333,10,17.77572
3.153259,1,17.778358
-12.347046,11,17.798156
1.269557,3,17.804421
-0.077672,5,17.814463
8.610889,3,17.820547
-2.355427,9,17.837045
0.256462,1,17.839693
-1.924999,1,17.842486
5.505574,2,17.846831
-1.065702,1,17.849679
4.44768,6,17.861866
-1.71949,1,17.864732
3.217356,2,17.869373
-0.361499,1,17.872197
-4.944023,1,17.875002
-3.838272,1,17.877858
-6.10841,1,17.880694
-5.439558,1,17.883486
-5.312955,1,17.886384
-7.919365,2,17.891099
-1.534398,1,17.893932
-1.673154,1,17.896745
-1.340701,3,17.903673
6.555849,3,17.910582
4.689709,2,17.915268
6.518682,2,17.919953
-7.417535,4,17.928277
0.708314,1,17.931082
-1.483374,1,17.934055
-4.497795,6,17.946188
2.99939,1,17.949337
0.586394,3,17.956509
-4.655958,5,17.967101
3.650896,1,17.970021
-10.344908,2,17.974537
-4.980053,1,17.977131
-11.084,5,17.986723
-2.688355,1,17.989385
-1.884455,2,17.993706
4.553447,6,18.005059
5.293898,5,18.014929
3.371096,2,18.019354
-4.161359,1,18.021982
-5.130837,6,18.03326
-2.903257,1,18.035992
-2.430969,11,18.05616
-3.315782,3,18.062681
-0.756244,2,18.067054
15.372929,5,18.076953
14.403761,5,18.086701
-7.252373,1,18.089526
-0.053631,4,18.097619
-5.410735,2,18.10256
-4.656229,1,18.105304
-2.15459,3,18.111985
-0.019872,1,18.115199
-0.300038,2,18.120136
-9.610964,3,18.127411
-1.092755,5,18.138288
5.739788,3,18.144894
3.459666,2,18.149827
0.577447,3,18.156801
-6.363394,1,18.1604
3.630847,3,18.168287
-0.595495,4,18.176982
-1.850553,1,18.181602
-0.325834,2,18.187015
-13.025314,8,18.205503
-3.363671,1,18.20838
-2.679055,1,18.211936
3.025785,1,18.214693
-4.943874,1,18.21759
-0.484386,1,18.220824
-1.400286,3,18.22737
-7.033631,3,18.234299
-5.803853,1,18.237022
4.894092,3,18.243479
-4.033508,1,18.246485
-6.092092,1,18.249391
0.544577,1,18.252305
6.460475,5,18.265378
-1.526428,2,18.272059
-1.174623,2,18.277319
-7.645537,1,18.28051
-8.550816,2,18.286207
-7.790397,2,18.291991
1.496798,4,18.309169
5.360519,4,18.325022
-7.754677,1,18.329745
1.259267,1,18.334394
3.504535,4,18.350968
-4.444637,3,18.359862
2.255461,4,18.369352
-0.74663,1,18.3729
-0.896586,8,18.395968
-0.985284,1,18.399783
-2.507039,1,18.403588
-6.556606,3,18.411525
7.426781,4,18.420449
4.135685,9,18.438204
-7.228955,1,18.441584
-2.758407,3,18.448193
-6.395774,1,18.450916
-9.527278,7,18.465444
-1.523105,2,18.470308
-0.959005,3,18.476744
-3.14837,1,18.479481
-4.034671,1,18.482502
4.54976,2,18.487113
10.032762,3,18.493521
-2.544396,2,18.498542
-10.252634,2,18.504263
-17.479454,3,18.511441
4.084253,1,18.514226
2.058001,4,18.522965
4.616075,3,18.529666
-2.553064,2,18.534382
-3.944792,1,18.537557
-4.710837,4,18.546208
-3.962724,1,18.548973
-0.461816,2,18.554307
1.396538,4,18.563257
-3.072524,2,18.568169
3.5144,1,18.571081
-2.52298,2,18.575928
-8.248815,4,18.584741
-7.561627,2,18.589445
-4.508273,2,18.594458
-3.813617,1,18.597201
2.228737,1,18.60083
-2.855995,1,18.603896
-1.704058,3,18.611152
6.95734,5,18.621707
-5.202863,1,18.62445
-19.257352,4,18.633259
-1.805371,1,18.636556
4.588636,3,18.643348
-3.308827,4,18.652382
-4.489823,1,18.65595
-1.298153,2,18.660744
-1.12494,2,18.66554
0.320888,1,18.668522
-4.669008,3,18.675267
-9.543596,3,18.682462
-5.925688,1,18.685519
-3.561442,3,18.692439
2.102309,3,18.699179
-6.157845,1,18.701902
4.108966,4,18.712346
2.421917,2,18.717502
-5.684805,2,18.722738
-7.687728,1,18.726366
-4.507586,1,18.729365
-3.255774,1,18.732735
-7.595246,1,18.735484
8.145893,3,18.742888
-1.98577,2,18.748171
-0.616545,1,18.751034
-10.859731,6,18.763624
2.742493,6,18.775646
-4.746395,1,18.778351
-0.194782,2,18.783219
-1.611342,3,18.789515
-3.569033,6,18.801268
7.711766,5,18.811478
-0.360329,1,18.814205
-1.405219,3,18.82028
-1.16963,2,18.824585
2.228345,1,18.827206
-3.17274,2,18.831505
-1.175502,1,18.834113
0.056953,1,18.83684
1.358617,6,18.848214
6.578227,3,18.854609
-5.458439,1,18.857419
-8.460635,3,18.863545
0.027617,1,18.86624
-3.788447,2,18.870757
-0.097765,1,18.873404
13.357621,7,18.886359
15.82056,12,18.907938
-3.058784,1,18.910613
-12.116974,2,18.914977
14.509506,8,18.929639
-3.740253,1,18.932316
-7.15947,1,18.934926
-6.56547,1,18.937565
-9.343934,2,18.941989
7.306931,5,18.951936
-5.062067,1,18.954888
0.876565,1,18.957516
-1.472566,1,18.960282
-3.460125,2,18.964696
0.914213,3,18.977791
-1.560327,6,18.989128
-1.839394,1,18.991753
2.477478,1,18.994537
-6.536321,1,18.997236
7.133923,3,19.003567
-4.664776,1,19.006332
1.242297,1,19.009161
-7.745012,1,19.011881
2.268203,2,19.016289
2.90629,2,19.020666
8.602301,10,19.039008
-5.822908,1,19.041665
-9.714004,5,19.051472
-4.263932,2,19.056063
3.498164,2,19.060563
-6.317871,1,19.063263
-4.423665,1,19.065971
-5.694358,1,19.068727
-3.726894,2,19.073128
9.292571,4,19.081262
-1.339031,7,19.09442
4.617293,4,19.10279
0.747689,1,19.105609
-4.582382,2,19.110015
-6.070275,2,19.114471
-5.678358,1,19.117332
-0.847461,1,19.120222
-9.681505,5,19.129923
-1.668484,1,19.132598
-3.065183,4,19.140537
-6.879762,1,19.143211
7.220807,3,19.149609
-5.561272,1,19.152324
-9.949643,1,19.155216
-4.842558,2,19.159708
1.056718,4,19.167604
2.033308,1,19.170424
-5.430312,3,19.176514
4.854137,2,19.181037
-5.656316,1,19.183684
-5.610927,1,19.186431
-6.703528,7,19.200374
4.846701,2,19.205401
0.730095,2,19.209983
-12.036145,15,19.237324
-5.429897,1,19.240068
2.026607,6,19.251643
2.49677,4,19.259678
-3.209968,2,19.264045
2.623681,5,19.273583
-8.929648,3,19.279602
-2.934653,2,19.284041
-1.869377,2,19.288537
-3.074012,2,19.293047
-1.615796,1,19.295729
-2.653265,1,19.298518
-7.535207,3,19.304941
-6.140374,7,19.318074
-7.484284,1,19.320874
-2.362435,6,19.332146
-5.903137,1,19.334846
-5.101877,5,19.344356
-0.293934,6,19.355972
15.77967,7,19.368981
8.280964,5,19.378503
-3.471702,1,19.381222
1.586946,3,19.38728
0.240727,1,19.38994
-7.198327,1,19.392576
-6.158697,8,19.407456
-2.895046,1,19.41016
-3.069755,2,19.414548
-4.887698,1,19.417225
-3.699353,3,19.423375
-4.38483,2,19.427705
-5.587753,1,19.430337
-4.229559,3,19.43657
-7.489533,6,19.44794
-4.049564,4,19.456162
3.933914,2,19.463281
10.350941,4,19.472064
-5.713407,1,19.474731
-2.831954,1,19.477379
-1.40548,5,19.486952
3.850294,1,19.489573
-6.868259,1,19.492197
-2.0106,4,19.500074
-2.026863,3,19.506474
12.008309,7,19.519681
-5.381919,1,19.522387
7.802036,4,19.530348
-9.570519,1,19.533059
5.93719,5,19.542594
-0.854626,6,19.554228
1.037824,1,19.557063
2.731892,1,19.559733
-2.811313,1,19.562387
-12.71604,2,19.56709
-2.384381,1,19.569866
-8.264882,2,19.574437
2.435794,8,19.589403
-2.249998,1,19.592201
0.228204,4,19.600285
-1.532875,4,19.608621
-6.159428,1,19.611328
0.075384,1,19.614062
-1.535771,1,19.616732
-5.781975,4,19.624866
-9.068998,1,19.627733
-2.389867,1,19.630661
-7.755194,3,19.637147
-5.151657,1,19.640332
-9.388437,3,19.64695
9.919476,4,19.655367
-6.315539,7,19.669399
3.004291,7,19.68448
-5.962222,3,19.690879
-6.534959,2,19.695402
-1.270361,1,19.698138
-5.633051,3,19.705011
-8.718856,1,19.708115
0.568693,5,19.719394
-4.360165,2,19.72442
-4.537572,1,19.727306
-2.363876,2,19.731993
-5.326215,1,19.73473
-8.400671,2,19.740474
-2.828036,2,19.745233
1.10221,1,19.74796
-2.602298,7,19.762159
-3.285407,1,19.765195
-5.163756,1,19.76797
0.637173,1,19.770766
4.985586,3,19.777187
-0.029387,3,19.783646
2.654013,3,19.790574
9.70217,7,19.804127
2.104207,1,19.807095
1.924784,2,19.811517
3.37238,3,19.817674
5.458645,2,19.822097
-3.835317,1,19.82479
-6.134639,5,19.834383
3.453226,2,19.838723
-7.509018,2,19.843267
-5.168546,1,19.846066
-1.744985,1,19.849335
-9.769897,3,19.855756
-5.118578,1,19.858548
-1.287996,1,19.861323
12.323826,8,19.876078
-9.655881,6,19.88729
-4.072737,4,19.895109
3.209418,5,19.904833
-0.198427,1,19.907532
4.909156,3,19.913773
1.514222,1,19.916457
6.106948,3,19.922657
-10.090775,2,19.927092
6.779061,5,19.936543
-4.978021,1,19.939248
-2.928875,4,19.947053
-5.847197,1,19.949733
6.773902,6,19.961628
4.310501,5,19.971265
4.280239,2,19.975702
0.271459,2,19.980221
6.16607,5,19.9897
6.963584,3,19.995775
0.05476,4,20.003812
-7.058884,1,20.006656
0.554454,7,20.019758
-8.112297,3,20.025838
-6.18912,1,20.028491
0.952562,2,20.03282
-1.054965,4,20.0407
-2.986606,1,20.043361
-5.02348,7,20.056975
-1.450566,1,20.059623
2.06132,2,20.064021
-4.237406,6,20.075211
-11.931615,5,20.084803
-0.760869,1,20.087435
-2.200383,1,20.090104
-0.224085,1,20.092842
-4.661022,1,20.095488
-0.521336,1,20.098463
-1.61723,2,20.102987
-11.12789,3,20.109225
-5.37278,1,20.111916
-1.384733,6,20.123015
-1.084328,1,20.125732
1.674902,2,20.130075
0.68466,4,20.137854
-2.64679,1,20.140551
-5.274827,6,20.152372
0.479488,1,20.155282
-9.872045,5,20.165119
-3.567606,2,20.169513
-8.523337,8,20.184393
-1.063843,1,20.187291
-3.199089,2,20.192391
13.411034,4,20.201139
-5.492962,1,20.204096
1.919371,2,20.208692
-3.953911,7,20.221805
-5.61245,2,20.226215
5.548209,16,20.254832
-8.256469,1,20.257733
-0.269684,1,20.260455
-3.960322,1,20.263139
-5.095652,1,20.265802
25.858386,15,20.292485
-8.893382,1,20.295188
0.175026,3,20.301394
-5.894754,3,20.307589
14.263522,8,20.322315
-3.324219,8,20.712468
-2.657483,7,20.726612
-1.978901,4,20.735122
-5.585037,8,20.750338
-1.62873,2,20.754916
-4.253644,4,20.763679
16.005947,4,20.772565
-2.163093,2,20.781323
-5.329617,2,20.789393
0.719552,2,20.796629
-4.018026,1,20.801391
-4.198141,2,20.808623
-3.124455,2,20.814875
2.612919,2,20.819837
2.228724,7,20.837259
-10.459716,5,20.847067
-1.825809,1,20.849884
22.219384,17,20.880767
1.944036,2,20.885476
-5.585442,1,20.888167
4.178511,5,20.897723
1.574238,1,20.900375
-4.957506,1,20.903218
-4.848483,2,20.907607
2.147987,2,20.912209
3.250777,4,20.920029
-4.027022,1,20.922678
-1.339904,1,20.925296
0.534196,2,20.929685
7.492585,3,20.935691
-3.465178,2,20.940093
5.521663,3,20.946259
-5.249986,5,20.955928
-4.355052,2,20.960606
1.91582,2,20.96506
-7.460014,2,20.9694
-6.588671,6,20.980582
-17.636686,6,20.99191
14.661729,10,21.010182
0.840846,2,21.014596
-6.033819,1,21.017256
-1.389297,4,21.025069
-12.119949,4,21.032802
-6.235653,5,21.042331
-6.730867,1,21.044978
3.978208,5,21.054757
-5.798552,1,21.0575
-2.111748,3,21.063654
1.826305,2,21.068017
20.151143,14,21.093111
-5.87816,6,21.10446
-10.374245,3,21.110736
-1.737538,1,21.113437
13.79475,8,21.39556
-5.779353,1,21.398287
3.145609,4,21.406452
-5.451256,2,21.41114
-0.599915,6,21.4225
6.484026,5,21.432134
2.141947,4,21.440022
-13.835488,5,21.449939
4.357094,2,21.454548
-1.835906,3,21.461342
-9.062906,1,21.464103
2.116945,1,21.466738
-1.184101,1,21.469419
5.069961,2,21.473839
-3.887207,2,21.478231
-11.452149,4,21.486125
0.799004,7,21.499194
-2.063497,2,21.503644
-0.120778,1,21.506507
7.480249,7,21.519652
-4.509443,2,21.524207
2.397422,6,21.535573
13.198359,15,21.562619
2.080699,2,21.567067
-5.989026,1,21.569729
1.197722,1,21.572407
-4.028629,3,21.578424
-3.220695,2,21.582743
-5.354275,2,21.587085
10.197705,3,21.593556
-10.607348,3,21.600649
-1.57057,1,21.604341
0.217585,1,21.607136
1.128516,3,21.613989
6.178425,5,21.623776
-2.26329,2,21.628192
-2.703683,5,21.63802
-3.139036,1,21.640816
-2.32659,2,21.645343
8.568636,4,21.653235
-3.008734,6,21.665731
13.700963,6,21.677582
-0.58181,1,21.680474
-3.2413,4,21.68891
-1.157945,4,21.696757
-9.630318,1,21.699528
0.345493,1,21.702296
-1.467998,2,21.706839
-4.819495,1,21.709576
0.639588,1,21.712277
23.228158,6,21.723621
1.443912,2,21.728135
2.090943,3,21.734353
-12.153432,3,21.740491
1.967993,4,21.74841
0.023506,3,21.754824
-5.808819,3,21.761302
-0.564795,2,21.765784
1.860455,3,21.772002
-3.062421,4,21.779909
-4.446868,4,21.787961
-6.516064,2,21.792462
0.566363,2,21.796985
6.676638,2,21.801482
0.797063,4,21.809757
4.851613,3,21.816041
0.659154,1,21.818699
-6.987496,1,21.821357
-4.259131,1,21.824079
4.6129,4,21.832021
6.73908,2,21.83641
-3.872878,2,21.840943
-1.871742,1,21.843842
25.709625,18,21.877346
-5.867756,3,21.883575
-3.552657,3,21.889761
-17.234073,5,21.899704
1.301362,2,21.904708
-2.415351,2,21.909751
-2.062925,1,21.912713
3.470583,1,21.921425
-7.405348,2,21.926333
0.892617,1,21.929415
4.622642,4,21.937662
-0.150188,7,21.951356
-5.507723,2,21.956191
-2.739598,2,21.960953
-3.845051,1,21.963651
-4.303668,5,21.97326
-3.854583,1,21.97594
-13.504951,8,21.990629
9.524966,3,21.996812
-2.919713,2,22.001516
-7.396231,2,22.006333
-1.11417,3,22.012663
-7.560548,5,22.023047
0.435667,3,22.030534
-6.086752,3,22.0373
-3.330415,2,22.04192
-12.528423,10,22.061316
-5.555779,1,22.064032
1.513578,3,22.070158
-2.848179,2,22.074667
-9.851995,3,22.081069
-0.295676,1,22.08388
1.345717,1,22.086495
31.491587,11,22.106949
4.883761,7,22.120447
2.650655,2,22.124984
12.891913,5,22.134538
1.697267,10,22.152889
-1.761285,2,22.157475
-3.396903,2,22.161952
-4.488006,1,22.164706
-1.455967,1,22.167338
-8.066685,8,22.182155
-0.536853,3,22.188623
4.145789,3,22.195517
-6.424411,1,22.198248
1.936382,2,22.203168
9.265288,5,22.213624
1.521089,3,22.220014
-2.36402,3,22.226296
0.238578,4,22.234266
-0.098487,3,22.24039
-4.68542,3,22.246531
-8.049637,3,22.253231
3.559762,3,22.259802
-4.81854,4,22.267699
-7.054152,3,22.274011
0.826555,2,22.278456
0.649104,1,22.281179
-3.096244,1,22.283984
4.935915,6,22.295289
0.543822,2,22.299705
-5.266598,1,22.302415
-1.548231,1,22.305354
-0.149102,1,22.308029
-6.802885,1,22.310887
1.936902,2,22.315497
4.777329,4,22.323605
0.194048,2,22.328366
2.668361,2,22.332876
6.235164,5,22.342632
0.505213,4,22.350609
-8.68431,2,22.355344
1.307061,3,22.361852
-5.3117,1,22.364539
0.58049,3,22.370708
0.707169,3,22.376922
-6.42108,1,22.379638
-3.488612,1,22.382374
-3.573172,3,22.388462
13.249872,4,22.396317
3.180255,7,22.41004
-5.719791,1,22.412715
-5.753865,4,22.420671
4.312425,7,22.433812
-8.983438,4,22.441714
-4.683731,2,22.446078
3.009303,4,22.454311
-2.070955,1,22.457438
5.706536,8,22.472347
-5.16664,1,22.47503
-9.123599,5,22.484653
-0.286244,1,22.487334
8.802331,6,22.498844
1.43955,2,22.503316
-6.98708,1,22.506128
-3.708548,1,22.508889
-7.13922,3,22.51509
2.534419,6,22.526458
33.220269,18,22.560358
-5.247647,2,22.564923
-2.91225,1,22.567927
-0.037465,2,22.572436
2.756553,1,22.575176
-9.381007,3,22.581327
-4.996571,1,22.583957
6.94906,4,22.591779
-7.698608,1,22.594503
-0.600848,5,22.604206
-4.622708,1,22.606902
1.071167,9,22.623857
0.78136,1,22.626515
4.544993,6,22.637848
-10.639108,1,22.640466
-5.719791,1,22.643242
-4.829888,5,22.652961
-2.666515,1,22.655668
0.800517,2,22.660279
5.132431,2,22.664673
-3.090244,2,22.669129
-2.716944,2,22.676254
12.520385,7,22.696571
-2.064443,2,22.70351
-0.143363,3,22.713994
-1.692845,1,22.718258
0.050729,4,22.730028
3.261447,6,22.743489
-4.869227,1,22.746219
-7.063404,3,22.752509
-5.537101,2,22.757076
6.216346,2,22.761442
-4.889023,3,22.767507
9.174053,5,22.777209
-0.911392,10,22.795259
-3.746474,2,22.799653
-15.229589,6,22.811629
-3.675954,5,22.821208
5.429249,2,22.825581
-5.031717,1,22.828269
-2.630426,2,22.83268
3.802144,5,22.842291
-10.458487,6,22.853761
-8.095152,4,22.861759
-0.147344,4,22.869691
5.864784,4,22.877563
1.191898,4,22.887511
-0.1415,2,22.892444
-2.423964,2,22.898223
-3.880558,5,22.908639
-5.713987,2,22.91304
26.733792,6,22.924299
-5.045676,1,22.926996
-2.329921,11,22.946559
-4.067175,1,22.949375
-4.136607,2,22.953846
-5.972769,1,22.956749
-1.454113,3,22.9629
-2.36097,2,22.967244
-6.886634,1,22.969897
7.055338,3,22.975997
1.365753,3,22.982057
-3.887078,1,22.984729
-4.778827,1,22.987339
-3.848308,1,22.989946
4.351216,2,22.994265
-1.468157,1,22.996956
13.710074,7,23.010225
-5.289821,3,23.016285
-4.365163,2,23.020633
2.656052,2,23.024968
7.012984,9,23.04121
13.121757,5,23.050783
-6.520219,1,23.053823
-5.719791,1,23.056484
4.444439,8,23.072558
17.635856,9,23.090265
-9.527111,4,23.098607
-0.575669,4,23.10726
-1.48751,5,23.117712
0.798522,3,23.124294
-11.015894,2,23.129211
21.482955,9,23.147204
-4.162954,2,23.15235
-14.229149,8,23.167328
18.026201,5,23.176887
-8.651821,1,23.179494
-6.392759,2,23.18386
5.574162,12,23.206498
1.688714,5,23.216085
6.840591,4,23.22392
-0.77662,2,23.228322
-0.587162,2,23.232629
-5.450847,1,23.235271
3.34955,5,23.244658
-2.538526,1,23.247567
-8.02807,4,23.255532
1.865693,1,23.258243
-7.976745,1,23.261004
-7.858418,2,23.265359
17.212056,5,23.276071
-2.589864,4,23.284581
-5.03879,2,23.289364
-5.372467,2,23.294015
-4.679989,1,23.296852
0.966297,1,23.299639
14.268865,9,23.317549
4.523313,3,23.324113
-1.446138,2,23.328836
-5.848578,1,23.331696
-10.159573,4,23.340039
-1.244362,3,23.346581
-4.260114,3,23.353264
16.332812,9,23.371012
10.526791,12,23.394117
-1.598312,1,23.39697
-10.180258,6,23.409542
-7.993268,5,23.419831
-2.060039,8,23.435563
-5.832046,3,23.442124
3.76423,2,23.447071
11.819349,3,23.454091
-1.326147,2,23.458973
5.003692,2,23.463727
0.11826,1,23.466559
-1.154937,1,23.469464
-1.429187,2,23.474162
14.337125,9,23.491551
-4.018497,2,23.496261
3.914,2,23.501019
-2.092181,2,23.505874
16.654251,8,23.521754
-5.256565,1,23.524677
13.285637,5,23.534914
-5.514966,1,23.53775
0.807309,1,23.54056
-3.553847,1,23.543374
9.613633,12,23.566723
-5.008534,6,23.579007
-7.292491,1,23.581934
-3.176781,5,23.592084
-3.553732,1,23.594992
-3.436959,9,23.613088
-2.032862,1,23.615983
1.863103,2,23.620617
-2.481057,3,23.627156
-3.268013,2,23.631809
18.157603,18,23.666892
-0.84963,3,23.673391
-12.462059,10,23.692959
2.713712,5,23.703272
0.153389,1,23.706291
-4.632055,1,23.709142
-3.464562,1,23.712057
-4.555183,3,23.718554
-4.383238,2,23.723227
2.660387,3,23.729702
10.827579,6,23.741615
-1.246017,1,23.744458
18.957124,5,23.75522
0.857431,1,23.758183
-4.710249,3,23.765195
-1.90103,2,23.770598
2.472637,1,23.773627
0.642343,1,23.776779
5.395874,2,23.782498
-5.999217,1,23.785644
4.684791,2,23.790691
8.54895,5,23.800848
-2.201187,4,23.810621
0.218086,1,23.815661
1.200728,3,23.823552
-6.314477,1,23.826647
8.956942,5,23.837024
-2.163741,2,23.842007
-3.512065,2,23.847279
5.268911,2,23.852615
-2.244764,1,23.855554
0.716438,3,23.862679
3.901795,1,23.866492
-1.822151,3,23.873728
-6.716155,2,23.878681
-7.306362,1,23.88152
-3.797571,2,23.886162
3.742557,2,23.890833
5.75593,8,23.906943
-3.317736,1,23.909674
0.822466,1,23.912664
3.381507,10,23.932711
-15.978323,3,23.9393
-2.428836,3,23.945918
-1.677317,1,23.94881
2.551947,2,23.953603
-7.73504,1,23.956326
-8.125115,5,23.965878
3.03785,3,23.972033
-1.648985,5,23.981592
-2.962299,1,23.984234
0.144088,1,23.986856
-2.031442,1,23.98952
-0.27014,2,23.994055
-7.850685,1,23.996656
2.835329,3,24.002735
-2.831974,2,24.007107
-0.020777,2,24.01152
0.427691,1,24.014153
-3.781412,2,24.018532
2.549457,1,24.021233
-11.997944,2,24.025701
12.811916,5,24.035324
0.928873,3,24.041508
6.816043,7,24.054416
-5.384562,1,24.057034
-6.26504,1,24.059648
2.212079,5,24.069182
-5.055129,1,24.07188
8.429307,3,24.078074
-0.795686,1,24.080691
-2.958082,2,24.085234
-3.726406,6,24.096744
-13.24874,3,24.103015
-6.605873,2,24.107411
-0.075994,2,24.111843
-7.296236,1,24.11452
-4.450215,1,24.117173
0.388471,4,24.124994
-4.77219,1,24.127626
3.598692,2,24.132072
-0.22202,3,24.138166
2.579639,5,24.147789
-5.310812,3,24.154022
-2.176465,2,24.158398
-8.194272,10,24.176632
-10.639108,1,24.179496
-2.984257,1,24.18217
0.387362,1,24.185023
1.56741,3,24.191215
3.941132,7,24.204295
-0.31464,3,24.21034
17.894043,10,24.228587
16.344741,5,24.238086
18.232868,5,24.247459
3.504677,1,24.250086
-0.340689,3,24.256075
6.678815,6,24.267199
-6.608427,1,24.269826
3.036614,2,24.274155
-2.765416,1,24.276742
-7.814563,3,24.28302
-5.614603,9,24.299525
-3.875268,1,24.302351
-2.573699,1,24.305149
-0.329934,3,24.31216
1.530522,8,24.327762
-3.577716,2,24.332505
-3.201326,1,24.335291
-6.525103,1,24.338239
2.830121,4,24.346673
-17.602156,6,24.358846
-5.298829,1,24.361521
-6.125634,1,24.364607
-10.22922,5,24.374493
-5.251135,1,24.377554
-2.568353,1,24.38036
-2.824862,3,24.386699
2.555392,4,24.395172
-7.600351,2,24.399991
2.381324,2,24.404491
0.785164,2,24.409275
-0.805834,2,24.414097
-5.96968,11,24.43512
1.983233,2,24.439733
0.336573,2,24.444579
-3.321513,2,24.449455
-8.48671,1,24.452201
-0.335627,1,24.455373
-5.43366,3,24.462013
-0.300695,1,24.46469
0.516192,3,24.471275
-6.764241,2,24.476133
-7.628372,3,24.482617
-6.428203,4,24.491215
0.380474,3,24.497673
-4.860792,1,24.500468
-9.646893,2,24.505461
-4.790959,5,24.515495
-2.321362,8,24.531537
28.003838,14,24.557874
5.390061,2,24.562525
-5.903854,2,24.567357
4.30007,5,24.577388
-3.191669,3,24.584026
-0.5805,1,24.587102
-18.764384,5,24.597152
14.300086,3,24.604307
4.617556,8,24.621437
-6.970674,2,24.625932
3.805015,3,24.63256
-2.404634,3,24.639088
5.644729,5,24.649548
0.057199,1,24.652204
-9.329967,2,24.656987
-12.363652,5,24.667298
-1.701781,2,24.672188
0.106082,1,24.674904
-5.580133,2,24.67958
-3.79311,1,24.682645
-8.066757,2,24.687384
7.509775,2,24.692538
-6.928232,2,24.697211
3.85321,5,24.707152
2.759957,4,24.715459
-14.129643,7,24.729441
1.607567,2,24.734271
-7.284034,2,24.739028
12.802959,5,24.748876
-3.778835,3,24.755333
-7.649267,2,24.76015
-1.652474,1,24.762876
-8.302954,1,24.765774
10.073753,6,24.777615
-19.293716,9,24.795418
-1.061429,3,24.802029
-0.321914,1,24.804702
-5.50605,8,24.820724
-5.393845,3,24.827168
2.186707,8,24.842708
-0.25807,3,24.848943
-5.930423,1,24.851849
-2.67326,3,24.858211
-10.120139,5,24.868147
0.400088,1,24.871631
-4.799381,2,24.876342
-8.205964,1,24.879304
-1.44213,1,24.881973
-7.815943,1,24.885077
-6.095677,2,24.889512
1.569695,5,24.899598
-8.973316,1,24.902309
11.115,6,24.914075
-8.030791,1,24.916759
-2.289191,1,24.919903
2.358505,4,24.928118
-7.428713,3,24.934529
-13.268376,6,24.946169
-2.647029,3,24.952608
3.143733,3,24.959018
-0.314694,3,24.965394
0.791235,4,24.973728
-6.717949,2,24.97838
-4.715341,2,24.983174
-5.495904,1,24.985896
-8.584498,4,24.994198
1.767148,4,25.003
-0.713227,1,25.005732
1.114364,1,25.008503
-15.179461,7,25.022396
-19.220343,12,25.045456
4.535952,2,25.050006
-4.169347,1,25.052911
-3.807905,1,25.055586
2.907113,7,25.069505
5.179094,5,25.080153
-4.555468,2,25.084696
-0.875576,1,25.08765
17.396449,7,25.101302
-0.010343,2,25.105824
3.618113,8,25.120944
-3.283112,1,25.123612
-0.733731,2,25.128058
-0.345127,3,25.134152
-4.872762,2,25.138455
-6.484262,2,25.142782
0.857973,1,25.145383
7.612355,2,25.149704
4.990719,4,25.157399
-1.506715,1,25.160194
-0.027596,3,25.166258
2.994526,1,25.168936
-8.057903,2,25.17328
2.670484,1,25.175898
-8.288955,2,25.18035
-4.201426,1,25.182994
0.694726,1,25.18566
4.22256,1,25.18834
-0.298562,2,25.192781
-8.347124,3,25.199052
5.152322,3,25.20522
11.494712,6,25.216551
14.47686,8,25.231127
-4.471063,1,25.233729
3.168368,2,25.238046
-5.205379,1,25.240657
-11.237806,2,25.610445
3.795284,3,25.616731
6.804625,7,25.631219
9.784164,6,25.643476
-3.565031,2,25.648146
5.500066,3,25.654316
5.610944,5,25.663876
-2.401995,1,25.666578
-2.699083,3,25.672688
-2.815166,3,25.678763
-2.865968,1,25.681488
-19.654651,7,25.694481
-2.840369,1,25.697142
-1.978513,2,25.701449
-1.587199,1,25.704057
32.495844,12,25.725869
-0.367751,5,25.735492
-3.025548,1,25.73814
-16.438393,13,25.761979
0.42303,4,25.769947
13.367765,7,25.783092
-10.214802,5,25.792556
8.591203,8,25.807533
-6.050226,5,25.817327
9.667064,4,25.825029
-0.144809,1,25.827657
4.042144,10,25.84586
0.247692,3,25.851963
9.972108,4,25.859888
0.374068,1,25.862526
-1.072978,3,25.868805
8.571941,2,25.873202
3.900881,4,25.880992
-2.560339,3,25.887057
-2.197359,1,25.889746
1.412389,8,25.904549
0.218509,6,25.915859
-5.055904,1,25.918561
2.913953,4,25.926439
-0.923193,1,25.92916
-3.586925,1,25.931865
-6.151403,2,25.936275
18.421885,11,25.956389
5.199882,3,25.962457
-1.297563,3,25.968624
0.459285,2,25.97306
0.246957,6,25.984438
-5.10081,1,25.987163
-2.562007,1,25.989809
1.121148,2,25.994141
-2.108136,1,25.996774
-4.119453,1,25.99941
3.553663,2,26.003746
2.28185,2,26.008129
19.177257,16,26.036731
15.32091,5,26.046191
6.243812,3,26.052426
-5.389085,2,26.056789
-7.835092,4,26.064567
-10.397563,4,26.072304
5.436167,4,26.080071
-4.101481,1,26.082697
-0.253309,2,26.334482
-3.132256,2,26.338971
10.574811,6,26.350174
-0.162453,3,26.356289
-4.893012,3,26.362422
9.865425,8,26.377268
0.611386,1,26.3799
6.207926,3,26.385942
-9.134039,8,26.400444
-9.119333,4,26.408146
-0.443243,2,26.412478
12.959111,15,26.441057
0.459518,4,26.449414
1.042442,3,26.456035
26.950326,16,26.486524
-3.415708,2,26.491245
-6.553635,3,26.497813
-4.939794,1,26.500704
1.236835,5,26.511085
16.605208,9,26.528607
-8.079908,2,26.533376
4.982861,3,26.539833
-7.912577,2,26.54452
-7.19049,2,26.54926
8.562463,3,26.555767
22.335352,8,26.571382
-2.336078,1,26.574227
-2.782704,7,26.58758
-5.068563,1,26.590302
5.482135,6,26.601479
-1.149089,13,26.624895
-2.446378,1,26.627589
3.469211,2,26.632004
4.04105,3,26.638068
16.742038,7,26.651024
-0.805446,2,26.655463
0.239684,1,26.658239
-0.408272,1,26.661008
-2.206038,3,26.667095
-2.106246,6,26.678221
-1.596858,3,26.684428
-1.689183,8,26.699245
2.585648,1,26.701924
-6.078895,2,26.706251
17.227935,15,26.733151
-5.912405,1,26.735928
-3.880447,1,26.738647
-1.942357,2,26.743347
3.574259,3,26.750252
-3.695271,1,26.753737
7.464934,5,26.768828
17.462252,15,26.815115
-6.555884,2,26.820348
5.484914,5,26.830117
-3.409041,2,26.838732
1.803522,3,26.848753
2.806956,2,26.855935
-0.302446,1,26.859054
-5.104218,7,26.872447
1.777392,1,26.875185
0.026528,2,26.879607
-5.314776,1,26.882263
-1.092647,6,26.893827
-10.03853,4,26.901561
7.267732,7,26.914547
-1.981318,5,26.924182
-1.293691,1,26.926843
-7.457654,4,26.93455
-12.043192,6,26.945859
-1.597974,6,26.957047
1.314399,2,26.961453
-4.161018,10,26.979816
0.778895,1,26.982743
-4.328045,1,26.985694
-4.891905,1,26.988635
0.001652,4,26.998724
-3.385019,3,27.006155
1.890776,8,27.024765
-3.645916,1,27.028109
-0.160086,5,27.04025
-5.064512,2,27.045099
4.666438,3,27.052124
-1.565954,1,27.05506
6.079487,5,27.066195
0.224545,1,27.070052
-1.757057,4,27.080369
-4.925843,2,27.086749
-4.279773,1,27.089836
-2.082858,2,27.095125
-9.624996,2,27.100995
2.701367,3,27.109142
-1.958409,2,27.115738
3.877135,5,27.129545
-0.401363,3,27.138064
-2.993178,3,27.14644
6.452348,4,27.155779
-5.607688,1,27.158729
0.247026,2,27.164091
-12.44871,3,27.172358
-7.649877,2,27.177777
3.40671,4,27.18892
1.606232,3,27.19786
9.68764,12,27.233845
3.806429,6,27.248695
-8.58351,2,27.253854
0.804325,5,27.265211
3.113501,1,27.268137
0.348054,1,27.2717
6.134782,3,27.279087
2.249796,2,27.283747
-2.880788,1,27.286827
-4.826461,1,27.289682
4.29661,4,27.299887
-6.731388,1,27.302711
-6.589022,5,27.314935
5.833122,3,27.322726
9.912414,3,27.330211
9.276243,5,27.342535
-4.455069,6,27.356224
-4.749333,1,27.358984
1.355296,3,27.366015
-2.38136,1,27.369352
-1.079269,1,27.372093
16.097872,8,27.388636
1.497337,2,27.393412
14.498948,6,27.406276
7.586028,4,27.414824
0.910622,3,27.422262
6.954223,7,27.43687
-6.263038,1,27.439976
0.365093,3,27.44694
2.485626,3,27.4539
-4.851905,1,27.456645
-0.709407,1,27.459785
2.313771,1,27.462564
-5.990208,1,27.465703
5.972006,2,27.470498
-4.558995,2,27.475547
-2.095288,6,27.488521
-2.758583,1,27.491356
-6.213564,1,27.494484
7.164194,4,27.503115
13.718469,8,27.519806
-2.96206,2,27.524563
2.237576,3,27.531988
-4.964213,1,27.534942
6.431816,6,27.548214
26.015529,10,27.568297
-9.470616,1,27.571568
-6.979222,1,27.574302
2.185832,4,27.583811
14.308446,5,27.594435
-5.218656,1,27.597993
-1.723666,4,27.606783
-5.870431,6,27.620443
-7.181011,1,27.623244
4.992351,4,27.632266
3.668598,1,27.635236
0.776571,1,27.638031
-5.421167,1,27.641275
0.605326,1,27.644526
-3.623381,8,27.661742
8.566498,5,27.672372
-0.806172,2,27.677558
-2.042021,1,27.681568
-6.082646,2,27.687135
-3.593318,2,27.692235
-1.927725,6,27.706206
-2.32095,4,27.715915
-2.839581,4,27.725326
-3.89589,1,27.728787
-0.792581,3,27.735468
-8.514321,4,27.745089
14.706979,7,27.759678
4.129486,3,27.766892
-8.17063,3,27.773881
-6.480734,1,27.776849
-0.907737,3,27.784102
2.650172,2,27.788825
0.44517,1,27.792403
6.081022,7,27.807564
11.327133,11,27.831373
0.698018,5,27.842701
-7.201156,1,27.84551
-7.793801,1,27.848733
-1.763154,5,27.859202
-2.771621,3,27.865886
-2.607213,1,27.86943
21.027389,7,27.884341
-0.48655,3,27.891614
-2.348714,4,27.900417
-5.401366,6,27.916156
2.083098,1,27.919604
39.359763,14,27.950298
-3.302596,3,27.9575
-0.658525,2,27.962519
-5.037179,1,27.966277
-7.541012,1,27.969219
-0.325811,3,27.976716
-4.326542,2,27.982144
-5.703976,1,27.985981
11.704686,5,27.997211
-4.370431,2,28.002851
-4.086776,3,28.010468
2.286027,2,28.01633
-3.858,1,28.020703
17.2804,4,28.030155
5.776678,6,28.043945
5.685282,8,28.062646
-3.895565,1,28.065485
0.770341,6,28.078724
-16.454789,3,28.085762
-2.134378,3,28.092682
1.128362,3,28.099482
2.097593,1,28.10233
0.50062,1,28.10553
-0.44672,3,28.112552
-3.618533,10,28.135662
-2.406133,2,28.141001
-4.069547,1,28.143852
11.095882,3,28.150666
3.225802,7,28.166675
-1.930406,3,28.175432
-13.156157,7,28.191499
-2.370308,1,28.195335
-7.734324,1,28.198081
-0.037522,1,28.202046
-2.966112,1,28.205076
-2.469722,1,28.208867
0.888588,3,28.216103
9.454562,3,28.223562
-6.497595,4,28.232104
0.462963,2,28.237355
-7.279029,1,28.240099
-11.829817,7,28.255583
4.670161,5,28.266551
-4.37625,1,28.269615
-3.088837,1,28.272913
-3.669661,2,28.27841
2.875885,1,28.281266
-0.190839,3,28.288343
-2.463111,3,28.295551
-4.914982,2,28.301118
-6.906989,1,28.304502
7.377034,3,28.31257
0.629703,4,28.322168
-0.585756,1,28.325968
1.572997,7,28.344558
-7.661201,9,28.367702
19.159838,8,28.385623
-4.106706,2,28.390971
5.152654,4,28.399506
-5.058459,1,28.403349
11.509548,7,28.419173
14.875778,5,28.431553
2.131043,2,28.437323
-0.66059,2,28.442505
-4.538438,1,28.445892
0.537615,1,28.448812
7.361779,6,28.462667
-5.032706,1,28.466166
2.462339,1,28.469114
4.374381,7,28.486044
-4.636731,8,28.503328
2.895579,5,28.514314
12.165621,7,28.5301
11.293524,3,28.538898
-1.159757,1,28.542447
-7.561217,2,28.549006
4.41699,3,28.556419
11.222226,11,28.580214
6.04129,2,28.585491
6.447376,6,28.598391
-1.95829,2,28.603988
-7.943808,3,28.611196
8.252625,5,28.623973
-0.634388,1,28.628015
10.575634,6,28.642561
8.198853,3,28.64969
-2.879848,1,28.653016
12.55886,12,28.678435
7.383429,4,28.688726
1.592356,3,28.696294
-0.581915,2,28.70188
-1.469594,1,28.706546
-9.286248,2,28.712183
-0.899746,8,28.731061
-3.337888,1,28.734355
2.197297,3,28.741544
-2.971533,1,28.744545
9.625947,6,28.758349
-4.59356,2,28.764204
1.994406,2,28.769942
8.221593,3,28.777421
-4.862703,1,28.780222
-5.255681,2,28.78613
-4.264954,1,28.789382
3.367785,12,28.818163
-4.995599,1,28.821337
-5.152687,2,28.827227
-5.088731,1,28.830533
1.914156,1,28.834355
-5.957246,2,28.83988
0.447813,1,28.842823
-3.662539,3,28.85098
13.634871,5,28.863126
-5.514445,1,28.867146
8.168849,2,28.872844
-4.891356,1,28.876236
-4.826461,1,28.879549
1.429255,5,28.890686
4.629714,2,28.896015
0.377885,2,28.900717
8.924183,5,28.911641
1.942529,6,28.925187
0.8859,1,28.9284
-4.888023,3,28.936527
4.830675,5,28.947669
-8.555937,6,28.961622
4.803917,6,28.975171
4.6242,5,28.987201
-7.756113,1,28.990117
1.282037,1,28.99327
-7.573424,1,28.996144
-5.03764,6,29.009362
1.198705,1,29.012829
-4.648988,1,29.015777
0.010811,1,29.018893
0.913781,3,29.026186
-4.009212,4,29.03629
-3.889469,1,29.039952
2.046085,3,29.047597
14.08803,7,29.063542
-3.727066,3,29.071326
1.64407,1,29.074963
4.623882,5,29.086173
0.589039,2,29.091424
2.076525,7,29.106592
-1.899645,1,29.110336
15.601903,15,29.141526
-2.197746,4,29.15055
1.308429,2,29.155462
0.528885,5,29.1672
-3.828823,3,29.174348
-0.949013,5,29.185006
2.859882,3,29.192085
14.94784,6,29.204662
2.9984,5,29.216157
0.802675,1,29.219229
-4.92439,2,29.224582
-1.954176,1,29.228346
2.592503,2,29.23351
4.450649,4,29.242517
-5.524473,1,29.245206
-2.316401,1,29.248637
-0.183755,2,29.253246
0.407994,2,29.258373
-9.265574,6,29.271742
-5.763553,4,29.280748
-3.742135,5,29.292733
-3.520123,1,29.295726
-5.88096,3,29.302488
1.460048,2,29.307281
9.949696,4,29.31592
-6.67575,4,29.325154
-5.075773,1,29.327952
-5.859676,1,29.331073
7.550162,3,29.338017
-0.505116,2,29.343234
-14.338704,3,29.350584
-7.502383,2,29.355571
0.525922,2,29.360894
6.552781,2,29.366008
-4.343992,2,29.370633
-1.044924,1,29.374184
-5.314858,6,29.38673
0.073096,2,29.391496
4.024482,1,29.395062
4.632782,4,29.403886
19.794527,13,29.431052
0.726445,1,29.43394
6.339668,3,29.440455
-5.853761,1,29.44393
21.19435,10,29.46476
8.134779,10,29.485926
5.189006,5,29.497142
-7.999607,1,29.500218
8.56587,5,29.511532
-4.846881,3,29.519413
2.133259,2,29.524534
-0.69339,9,29.547722
-7.160473,4,29.563082
2.922071,2,29.571718
-3.703877,2,29.58013
-4.697925,1,29.58477
-0.271147,2,29.590735
2.291718,3,29.597596
16.948038,7,29.617533
0.858842,1,29.620636
-3.447112,1,29.624381
-6.059302,4,29.634128
20.494663,17,29.672021
-10.716512,2,29.677046
-2.019161,5,29.688962
-1.793603,2,29.694534
-3.433567,2,29.699978
5.607831,3,29.707242
0.855609,2,29.712319
-8.031584,4,29.721672
1.723151,2,29.727973
6.347399,4,29.740189
0.018773,2,29.746318
2.318164,1,29.749965
-1.417568,1,29.753294
1.916146,1,29.756827
-5.187491,2,29.763025
-7.369773,4,29.773192
4.031009,2,29.779201
3.052389,1,29.783106
33.015342,9,29.804686
0.779581,2,29.810426
6.319203,4,29.820354
8.316471,6,29.836256
-3.633431,5,29.84785
3.441611,2,29.853193
8.965332,3,29.860613
5.183427,3,29.867527
0.462725,1,29.870547
-4.599985,2,29.875949
-6.946544,4,29.8852
-4.705055,2,29.890147
-5.997159,1,29.893969
8.931804,3,29.902732
7.512444,9,29.925398
-4.826069,1,29.929413
-0.685831,2,29.935423
-4.169895,3,29.943966
-0.44064,3,29.953048
11.345808,10,29.992329
-10.402527,2,30.001053
-8.058102,3,30.014566
-8.537382,1,30.020792
3.988734,9,30.056344
-0.360187,2,30.071384
14.21698,5,30.089566
5.624755,3,30.099029
-13.689476,9,30.123381
4.226518,3,30.131044
-2.150235,3,30.139143
-2.168395,1,30.142535
-6.383202,2,30.148322
-6.185974,7,30.166428
0.354596,2,30.172566
-4.211058,4,30.18324
13.771215,15,30.219018
7.248436,2,30.22477
-0.702701,3,30.233349
3.769107,2,30.239281
0.18767,1,30.242976
-3.664562,4,30.253
-7.56235,4,30.264104
0.886391,2,30.269934
-7.700944,1,30.27274
-3.129014,1,30.27645
13.10794,4,30.285871
-2.196324,1,30.28941
-4.543854,2,30.294296
-3.292711,1,30.298275
7.604118,4,30.308314
-6.507869,1,30.311661
4.727754,3,30.319129
-2.630359,2,30.325135
-1.332184,9,30.34589
-2.812793,1,30.348742
11.636714,3,30.356299
4.059851,5,30.367849
-4.537557,1,30.370952
3.348046,3,30.377771
-8.456868,10,30.400238
-0.398748,1,30.403176
2.684269,2,30.408989
6.354877,3,30.416382
-4.826461,1,30.420011
-1.483898,1,30.423317
2.318431,3,30.431132
-3.108477,1,30.434696
-2.955977,2,30.439612
4.210525,6,30.453982
1.316416,3,30.461673
-6.030605,7,30.480277
-10.023604,4,30.491968
-3.018594,1,30.49547
1.872343,4,30.505618
-1.658935,5,30.517259
-4.871789,2,30.522317
-0.305994,2,30.528001
0.442485,4,30.53726
-7.849893,5,30.54873
-5.443127,1,30.552525
2.140924,6,30.567494
12.099661,8,30.58542
8.068327,4,30.59493
-0.32937,2,30.599709
-2.515747,6,30.61309
-3.584955,4,30.629653
-2.564949,1,30.632435
-5.529774,4,30.641863
-0.432508,1,30.645267
0.49541,1,30.648299
-2.777883,1,30.651619
4.09181,3,30.658818
-5.000673,2,30.664202
-2.494935,5,31.128212
-4.50928,4,31.137534
-1.614026,4,31.147731
-0.122898,3,31.155557
-4.486102,1,31.158537
1.412202,4,31.169565
2.965765,5,31.182554
-9.462132,1,31.185875
-2.913398,1,31.189104
0.439158,1,31.193451
2.014529,6,31.208254
-2.97327,1,31.212152
-5.160156,1,31.215077
-3.606419,3,31.223017
2.691203,4,31.234325
17.352119,12,31.260201
-2.627756,4,31.269449
-5.762252,1,31.272393
3.564118,10,31.29415
-0.939497,1,31.297526
-2.17463,2,31.303274
-13.962906,3,31.310391
0.182484,2,31.315665
2.720222,2,31.320698
-11.476817,3,31.328392
-11.347845,2,31.334007
-2.174896,1,31.33754
7.267737,5,31.348977
-4.762856,1,31.352237
-2.055224,1,31.355108
-5.293938,3,31.362262
7.416564,5,31.373644
1.125714,1,31.376401
-6.453818,2,31.381534
-0.191304,3,31.388658
-2.45077,1,31.392539
-5.034651,2,31.397627
3.038844,3,31.404531
-0.233616,3,31.412001
0.326406,5,31.424691
26.634486,11,31.452115
1.899598,3,31.460778
-11.092679,4,31.470907
8.324967,5,31.483276
-5.654335,1,31.4864
-15.465022,7,31.503554
-6.547336,1,31.506833
-4.223051,8,31.526661
-7.654032,2,31.533817
-8.178759,5,31.546629
4.262972,6,31.561216
7.756546,9,31.584713
-4.367324,2,31.590475
1.613183,2,31.599549
-2.650882,1,31.603288
9.499488,4,31.614384
5.072123,3,31.623361
-1.467744,1,31.627751
-4.101177,3,31.63704
-1.3979,1,31.641451
-0.541567,1,31.644886
-2.153439,2,31.651188
13.871237,3,31.662107
-5.949204,2,31.668812
-3.254716,4,31.679221
-1.060755,2,31.686634
-4.366234,3,31.696424
-0.92733,2,31.702039
-7.849631,3,31.712171
0.222138,5,31.725712
0.331401,2,31.733265
-2.626058,1,31.737151
-7.037132,3,31.744726
1.285595,4,31.756052
-6.083868,2,31.763347
-0.572253,1,31.767367
1.288887,3,31.775136
4.844363,6,31.791051
0.406936,1,31.795421
2.156049,1,31.798822
-2.072367,2,31.804466
-5.351339,5,31.815866
14.636889,14,31.847992
2.922581,2,31.853371
-3.411584,1,31.856698
-8.285641,4,31.868265
-7.454588,7,31.887165
8.779823,3,32.276108
-2.734589,1,32.279817
-0.602139,4,32.290124
-2.767224,1,32.294403
1.550128,12,32.326082
-1.009179,3,32.335149
-0.02345,2,32.340885
-1.492522,1,32.344663
-9.423776,3,32.352504
-3.164399,2,32.358732
1.73856,1,32.362432
11.3124,7,32.379555
-2.998574,8,32.399016
-2.246523,1,32.402109
-6.242716,3,32.409662
-8.992164,2,32.415639
16.50124,7,32.437168
-3.399977,1,32.441307
-3.036474,1,32.444563
1.404479,2,32.450124
-6.333366,3,32.458133
-3.168837,2,32.46371
2.913893,3,32.471551
20.70011,11,32.496117
-3.46182,2,32.501518
-6.969457,2,32.506666
-3.648938,5,32.518243
0.008299,2,32.523774
-5.033083,1,32.526728
1.059677,2,32.532532
0.482538,4,32.542578
1.254542,2,32.547768
-1.55994,5,32.559927
7.942081,3,32.568007
-5.46456,1,32.571753
-0.104731,3,32.57928
0.278554,1,32.582414
-7.34377,1,32.586067
7.000111,3,32.593657
-2.466784,4,32.602964
-11.759589,2,32.608746
14.4218,7,32.62412
10.10501,9,32.644908
-4.180985,1,32.64859
13.361035,3,32.655462
-9.210065,1,32.658231
14.086413,19,32.699896
10.679275,15,32.731997
-0.116008,3,32.740109
22.583407,12,32.767295
19.021008,7,32.783128
-2.738694,1,32.786805
1.551486,2,32.791486
16.417885,9,32.811582
0.928455,3,32.819656
12.705931,8,32.837684
0.150438,2,32.843479
0.541212,1,32.846477
-1.658854,1,32.850008
-4.428447,8,32.867131
-2.692815,1,32.870775
7.674848,4,32.880072
-0.906901,1,32.883444
10.76723,7,32.898483
-6.761568,1,32.901304
2.079968,1,32.90479
4.608482,4,32.913853
-6.900963,4,32.923651
1.000016,4,32.933356
15.964589,7,32.948311
2.554239,2,32.953509
6.328103,5,32.964293
1.094609,4,32.97394
-0.005848,1,32.9767
-3.952482,1,32.979766
-5.870339,1,32.982788
-3.695023,2,32.987932
-1.266037,3,32.99498
16.076862,11,33.017188
-4.587858,2,33.022569
-7.843573,1,33.025522
2.289871,2,33.031472
-10.008238,7,33.047221
-0.534966,3,33.054489
-1.630622,6,33.068256
3.507279,3,33.075429
-3.366759,1,33.078903
19.558904,10,33.100325
18.751119,11,33.123019
-1.32957,3,33.130478
-4.777918,4,33.140694
8.966102,6,33.154274
-1.990263,1,33.157174
1.386179,1,33.16033
1.007674,4,33.16938
6.384407,4,33.178632
-1.08208,3,33.185907
-0.179558,3,33.193061
0.706831,4,33.202359
-18.949152,4,33.21144
15.576328,13,33.24102
3.973147,5,33.253171
0.706262,1,33.255993
5.38844,4,33.265333
-1.611226,2,33.270154
1.260517,3,33.277338
5.533469,6,33.290516
-5.021499,4,33.29987
-2.456062,1,33.302728
-10.360391,2,33.308094
-2.938308,2,33.313632
-3.118413,5,33.32478
-6.863181,1,33.328704
4.907078,6,33.341927
-0.11124,5,33.352357
2.390964,4,33.360888
-0.855581,2,33.36589
20.823891,19,33.403737
-5.861007,1,33.406578
8.095429,6,33.419182
-5.108172,1,33.422016
14.253069,9,33.441952
-8.612109,1,33.445221
-6.432497,1,33.448514
2.276675,4,33.458152
1.070333,2,33.463468
-4.614008,1,33.467014
0.616284,2,33.472697
-3.663292,4,33.486324
7.643726,6,33.508426
-1.235419,1,33.514621
-7.095678,1,33.521652
21.16233,14,33.572627
6.05399,5,33.595323
-5.7914,1,33.600604
-3.491703,3,33.611132
-7.325357,1,33.614933
-5.069364,1,33.619506
5.156244,9,33.644679
6.267789,5,33.658121
2.969395,1,33.661998
7.09637,3,33.669345
-3.781177,2,33.675009
-1.183311,1,33.678115
-4.257348,2,33.684127
5.074042,2,33.690716
-8.543479,1,33.693898
-5.059608,1,33.697047
2.087555,1,33.700107
1.552803,1,33.704239
-2.542491,6,33.721678
-0.504067,3,33.730645
-2.704722,5,33.744537
-4.002738,4,33.755068
15.329846,5,33.7726
0.543919,4,33.78724
2.773017,1,33.791849
0.254699,1,33.795458
-8.428577,7,33.814494
-1.462775,1,33.817546
-1.599927,1,33.8215
-7.99917,1,33.825048
1.150539,5,33.836893
1.175755,3,33.845721
-10.640099,6,33.860343
-2.290947,2,33.865549
0.06357,1,33.86947
-4.236748,2,33.875084
-5.085688,1,33.878242
4.140515,3,33.885967
-8.020107,5,33.897325
-5.798449,2,33.902197
-8.508097,6,33.91535
1.214452,2,33.920382
-2.826281,1,33.923911
1.73026,6,33.937144
-6.496865,1,33.940176
-1.713248,3,33.947198
19.441574,9,33.966605
1.250971,1,33.969424
3.450795,3,33.977349
2.908911,3,33.984549
10.967975,3,33.99178
1.759964,3,33.998896
-5.088127,1,34.002168
-1.389354,1,34.005084
-2.692177,1,34.01529
0.523311,2,34.02017
-3.420258,1,34.023393
-0.359123,2,34.028645
-1.865136,4,34.037517
-3.614328,10,34.059299
-0.705198,1,34.063046
1.623218,2,34.06809
-3.952606,5,34.079922
23.240377,10,34.10181
-4.139893,1,34.105243
3.182197,4,34.113918
-0.652476,2,34.118742
0.842392,4,34.127381
-1.507428,1,34.130372
-1.830058,5,34.141239
-2.739131,2,34.146325
15.605158,4,34.155378
-4.874036,2,34.160609
9.74699,19,34.198488
1.211051,5,34.209457
0.893488,1,34.212251
-0.444121,1,34.215627
-3.053863,3,34.222975
-4.826461,1,34.226308
19.758335,16,34.259727
-1.973035,1,34.262673
4.008412,9,34.282187
0.44146,1,34.285668
-2.256198,2,34.290253
1.695696,2,34.295646
-5.719791,1,34.299391
-5.046993,1,34.302284
-0.267532,1,34.305764
2.952473,6,34.319022
4.40387,4,34.328263
-2.756132,2,34.333027
-7.755428,1,34.336296
1.552866,2,34.341829
-3.167125,1,34.344561
8.048553,3,34.351602
-7.216594,3,34.358897
-6.955411,2,34.364364
7.75223,4,34.374183
1.243208,1,34.377455
5.089644,3,34.384706
3.529753,4,34.393357
2.221857,1,34.397209
-14.32659,2,34.402821
-0.456975,6,34.415916
-0.156679,2,34.420615
-2.280156,3,34.428833
-0.731395,1,34.432445
19.432716,10,34.453688
-7.251139,1,34.456748
-9.944981,2,34.461782
-0.633288,1,34.465421
-0.428719,1,34.468535
4.997591,2,34.473995
4.045647,5,34.485331
4.415779,2,34.490287
-6.772917,5,34.502545
1.394353,1,34.505698
3.735264,9,34.525741
-4.994855,1,34.529497
-5.231242,3,34.537565
2.115194,1,34.540926
1.496193,3,34.548281
8.02831,6,34.561315
-3.0814,6,34.574479
3.134459,7,34.589152
-6.581524,3,34.595979
14.425281,13,34.622384
2.24861,1,34.626573
2.013537,2,34.632429
0.107548,4,34.641463
-6.982025,1,34.644537
-5.39751,3,34.651803
18.892425,8,34.668897
-0.969403,2,34.674307
-1.233302,8,34.692432
6.521504,6,34.705606
26.795571,16,34.741023
2.092551,5,34.752208
0.259332,3,34.759457
10.220362,6,34.772704
22.634484,15,34.805846
0.284807,6,34.819207
4.692625,1,34.822121
0.344943,3,34.829681
7.965425,3,34.837513
-4.694172,1,34.841348
-8.786511,6,34.85452
-8.298642,2,34.859423
-5.571192,4,34.868839
-4.301025,5,34.880664
-20.176506,8,34.897995
-1.933568,6,34.911176
3.88505,5,34.923731
-12.864802,3,34.931152
13.086055,6,34.944031
7.151085,8,34.960414
0.825626,5,34.972895
23.5826,9,34.992786
0.068345,4,35.002718
3.174672,3,35.010453
11.27622,9,35.030539
3.423343,2,35.035923
7.070394,7,35.050617
0.287617,1,35.053467
-3.584403,2,35.058391
-3.792302,2,35.064029
13.14692,6,35.077317
-1.531937,2,35.082969
-4.090653,3,35.090335
-5.20429,1,35.093274
-6.347337,5,35.104655
2.278249,5,35.114738
15.794722,8,35.132288
-4.64982,5,35.143638
6.656093,5,35.154695
13.039875,4,35.164026
-5.312197,2,35.16916
-1.067694,2,35.174849
-6.374901,2,35.180238
10.653386,6,35.193366
2.76067,3,35.200672
-6.850455,3,35.208448
0.052526,1,35.211459
5.505789,2,35.216892
22.185913,15,35.249074
0.043993,1,35.251987
2.198353,2,35.2579
-5.303752,2,35.263926
-6.195288,2,35.268958
0.491974,1,35.272161
-5.989946,1,35.274957
-2.386208,1,35.278363
2.59739,3,35.285336
7.501405,7,35.299945
21.976601,10,35.320015
-3.131543,2,35.324811
-2.533438,1,35.327733
-2.261578,1,35.330529
-8.124437,5,35.341322
-20.616401,11,35.363467
-5.091381,1,35.366598
-1.495325,2,35.371215
4.962009,16,35.403576
-1.178377,5,35.414012
-4.675767,4,35.423528
-0.699433,4,35.43341
15.190981,6,35.448128
-10.50876,1,35.451754
5.305413,5,35.462738
-8.008656,1,35.466365
0.067255,4,35.478039
28.799511,24,35.539368
-2.190939,2,35.544878
-16.715265,2,35.550951
-1.016932,1,35.554801
1.45645,1,35.557882
3.156593,1,35.561813
16.004862,5,35.573581
-2.695115,9,35.595316
-4.828,5,35.608017
-0.161309,1,35.611697
8.904417,7,35.628516
-4.92174,4,35.638949
-0.373969,1,35.641921
-7.354934,3,35.649875
-4.675094,5,35.663688
-7.160087,6,35.680069
0.699414,1,35.683532
2.12761,5,35.697028
-5.322094,1,35.701353
-12.252064,3,35.709785
-5.037342,1,35.713202
0.621626,2,35.71847
-2.748228,3,35.727289
0.23307,5,35.739753
2.105846,2,35.745523
-1.139097,3,35.753622
19.52015,6,35.768458
22.738313,7,35.78508
-1.583915,3,35.793058
-2.779145,1,35.796214
0.701593,1,35.799479
-3.420759,2,35.80486
5.95371,8,35.821455
-3.716072,6,35.835265
30.269965,13,35.863811
0.232388,1,35.867656
-5.084072,3,35.875233
-2.643236,2,35.881184
1.444722,3,35.888943
-2.458736,4,35.89862
32.093465,19,35.943265
-5.615127,3,35.952124
2.630961,1,35.955692
-3.381416,1,35.959111
-0.063167,2,35.965243
-4.059061,1,35.968287
-0.786798,4,35.979931
-1.329251,1,35.983495
-3.128176,2,35.988696
3.50593,7,36.008593
0.16043,1,36.012635
-1.033499,1,36.01573
-1.934008,4,36.027437
0.943036,3,36.035706
-5.361735,3,36.044101
-8.554374,2,36.050452
5.656661,11,36.078479
0.993825,1,36.082845
0.466097,8,36.104262
-6.768531,1,36.107623
-2.513334,1,36.112012
-8.005486,4,36.123588
-0.266312,1,36.127141
4.788731,12,36.158926
3.483816,12,36.189167
0.970843,3,36.198092
-0.883992,2,36.204045
1.474516,2,36.210276
-5.324856,1,36.214427
9.040599,3,36.222215
4.645281,3,36.230898
19.884897,11,36.257272
0.414974,2,36.262945
17.772205,5,36.275175
-1.176017,5,36.288019
-12.393898,4,36.299208
-0.717408,1,36.302971
7.110698,7,36.320385
4.549748,4,36.331671
-4.098472,4,36.343222
-1.159635,2,36.349879
-1.958896,4,36.362021
3.181129,7,36.381946
11.870325,4,36.393773
1.707839,2,36.399555
20.779305,13,36.433422
2.424122,4,36.445928
-5.802274,2,36.452547
14.898066,6,36.4689
2.536947,3,36.478369
-0.649398,3,36.491784
10.056368,4,36.510214
-0.839253,2,36.520283
-0.580219,3,36.533041
-6.23108,1,36.537133
19.057264,8,36.567666
-3.340062,1,36.571347
-7.231367,1,36.575907
2.337298,3,36.584265
6.476616,3,36.595528
8.221778,5,37.061293
-2.57785,2,37.067114
-1.223854,11,37.093539
0.472339,1,37.096771
-4.810721,2,37.104261
4.565379,4,37.114268
0.028011,2,37.119697
-9.485349,6,37.137269
3.506386,3,37.145607
-4.349624,3,37.153938
-0.596343,1,37.158498
-4.824006,1,37.16174
-13.22351,5,37.174831
9.296826,4,37.185869
2.994095,9,37.209001
4.174928,2,37.215404
-1.966832,2,37.221684
7.51069,6,37.235362
-1.228773,2,37.241954
4.156593,1,37.24488
12.600959,11,37.27118
22.505803,8,37.290654
-0.056139,2,37.296621
-6.978543,3,37.305023
1.985414,10,37.328833
9.908159,8,37.348511
-1.684638,6,37.363507
-3.19604,6,37.377164
-2.361387,1,37.380488
-2.478213,2,37.385532
-4.828668,1,37.388614
-2.270952,2,37.393925
-4.903806,1,37.396779
-4.815596,2,37.402758
14.475193,4,37.41206
4.398095,5,37.423636
-9.099115,2,37.42999
11.307383,6,37.444491
5.173205,5,37.456234
1.410836,1,37.459023
3.909686,3,37.466573
-0.684012,3,37.474302
3.173106,2,37.479945
5.892815,6,37.494586
-3.349698,2,37.500303
-2.122566,2,37.506252
-4.667461,1,37.509678
1.444994,1,37.513265
3.63103,3,37.520854
1.682985,1,37.524305
-4.565581,3,37.532862
-7.784513,4,37.542002
-0.187207,2,37.54745
-5.92473,5,37.559004
2.780924,2,37.563866
4.097989,3,37.570625
1.802767,2,37.576292
-2.555415,3,37.58389
-4.133048,1,37.587422
-11.781619,6,37.601974
26.433871,8,37.620279
0.217206,2,37.626254
-5.698422,1,37.630657
-6.202123,4,37.640725
1.051161,3,37.649192
-0.502806,2,37.65433
-3.631414,1,37.658079
14.574446,5,37.669639
-7.855987,6,37.685987
-2.568492,3,37.694093
-3.04268,1,37.697663
10.98023,5,37.710257
-8.505002,2,37.715314
4.764707,4,37.725279
1.555409,1,37.72867
-9.130455,3,37.736091
-3.78286,4,37.744555
-4.998379,1,37.747626
-0.866513,2,37.752257
-3.370267,2,37.757123
-0.610887,1,37.76017
7.846449,3,37.766604
-0.218456,1,37.769741
-4.188818,4,37.778189
-5.024318,2,37.783285
10.074311,3,37.790018
4.088491,3,37.796843
0.243874,3,37.803677
-6.856969,2,37.808648
0.595718,5,37.819197
7.780446,3,37.827348
-5.807362,6,37.841376
8.557914,8,37.859897
2.435093,4,37.869155
-0.84288,2,37.874374
-5.299546,1,37.877352
6.448293,3,37.885043
13.476037,3,37.893032
-0.1251,3,37.900863
-3.316212,3,37.907869
15.378751,6,38.228516
-0.367068,12,38.25393
-17.952595,6,38.267253
-6.198454,3,38.274178
-5.853993,1,38.277038
-6.852385,7,38.292084
-4.86618,2,38.29812
-2.18845,1,38.302072
-1.529602,1,38.304998
-1.944153,2,38.310556
1.893259,1,38.313438
-3.469998,1,38.316859
-0.951714,2,38.322085
3.875681,4,38.331431
-5.640339,1,38.334211
11.738401,11,38.356693
4.540766,5,38.367148
10.802484,9,38.385412
-0.42442,5,38.396163
11.002359,3,38.403634
-1.91153,1,38.407309
37.082789,15,38.440516
13.002445,8,38.458072
-4.845361,1,38.461936
-4.125058,2,38.467426
8.901664,3,38.474546
-1.266304,3,38.482099
4.1354,3,38.489764
3.331185,2,38.495158
-16.386796,9,38.514961
-4.835212,1,38.518473
24.579462,8,38.537243
-1.676396,1,38.540163
19.866815,8,38.557464
5.504864,6,38.572326
-5.481745,3,38.579673
13.067374,15,38.611246
5.786947,7,38.626719
9.515398,5,38.63748
0.696765,1,38.640251
-6.985201,4,38.649294
-5.249095,1,38.652043
-4.497249,1,38.655193
1.873879,3,38.662218
2.137103,1,38.665027
-5.669984,1,38.667676
-4.826461,1,38.670961
-6.143709,1,38.673655
4.171724,2,38.678648
-2.28621,1,38.681883
-2.147449,1,38.685085
5.143847,8,38.702002
17.144372,14,38.730463
-11.94804,5,38.741393
9.554549,6,38.754279
-7.688335,8,38.77021
-4.25872,2,38.775229
-1.034706,1,38.777923
4.774272,1,38.781298
4.616213,4,38.789709
0.436848,1,38.792714
0.809376,4,38.80568
18.431389,8,38.825356
-7.668354,3,38.832263
0.141579,5,38.845165
-2.925392,7,38.860324
1.62511,3,38.867393
14.541856,5,38.878547
-2.246262,1,38.881412
1.792116,2,38.886316
-4.195418,1,38.889384
23.992154,10,38.91173
-0.223908,2,38.916756
0.156518,1,38.92065
-1.979177,3,38.928098
6.140376,2,38.933395
8.917457,7,38.947205
3.523741,4,38.955578
8.764528,4,38.964234
-12.919917,3,38.970937
2.171643,7,38.98864
-0.413308,1,38.991897
-9.177822,6,39.00723
11.427461,5,39.01916
-3.725448,4,39.030001
20.153702,16,39.063354
-2.195636,1,39.066832
10.372885,5,39.077298
-1.730053,3,39.083739
4.727089,7,39.098802
3.823271,1,39.101701
-2.200596,1,39.10481
-5.015321,1,39.108168
-4.795179,1,39.111577
-4.983535,1,39.114964
20.939912,10,39.13486
-0.441951,2,39.139414
-3.585533,1,39.142505
8.086674,9,39.160754
2.262397,4,39.169342
7.291467,4,39.17767
-1.147751,1,39.180422
-3.29823,3,39.187324
1.583817,3,39.195023
21.259867,12,39.221605
-0.550197,1,39.225463
-5.261519,1,39.228417
0.021482,6,39.241482
-4.834445,1,39.244809
-6.690474,3,39.251906
-1.262647,1,39.254923
-2.038845,1,39.258195
-0.099723,3,39.265393
7.616573,7,39.279655
-1.888508,2,39.284305
-1.760939,4,39.293394
-2.713112,6,39.30542
11.581388,5,39.315528
-6.647807,1,39.318206
6.690775,11,39.340003
28.109285,14,39.366114
33.043086,17,39.398443
-4.48837,6,39.409879
-5.427869,1,39.41268
3.280714,2,39.417083
-3.881685,2,39.421823
-4.920643,1,39.424627
-0.273304,2,39.429298
-3.126206,4,39.43785
23.775803,15,39.464749
1.435973,8,39.47954
0.951712,4,39.487663
-4.806947,4,39.4955
10.591994,10,39.514315
-0.544655,3,39.520776
-1.832453,1,39.52375
-0.634785,2,39.528423
1.450294,2,39.533282
-5.082919,1,39.535963
-0.392458,2,39.540628
6.10696,3,39.547139
-6.355406,1,39.549848
22.45887,10,39.568592
-3.23815,7,39.581878
0.124918,4,39.589808
-4.785733,3,39.595981
0.37952,1,39.59865
9.001962,6,39.610074
13.260323,4,39.617898
-4.56281,2,39.622545
-3.313438,4,39.630932
4.357911,2,39.635417
-3.600073,1,39.63807
-1.322279,2,39.642485
0.295535,3,39.648643
-2.671218,1,39.651324
-2.054209,1,39.653991
8.47206,3,39.66011
4.937925,2,39.664439
-4.06834,1,39.667282
-0.525136,1,39.670018
1.598135,1,39.672672
5.808312,9,39.689984
3.512099,2,39.694561
-1.208631,2,39.699268
2.917256,2,39.703908
-1.295357,3,39.710333
-1.980342,1,39.713275
8.191882,6,39.724806
10.314324,8,39.739642
-7.322949,1,39.742347
1.1167,3,39.74844
-2.119679,3,39.754557
22.298089,14,39.780657
0.428532,6,39.792339
-0.984447,2,39.796662
-4.911875,1,39.799393
5.434796,3,39.805481
-5.185198,1,39.80829
-2.31941,1,39.81102
-2.402162,1,39.813897
1.600082,10,39.835181
2.446119,3,39.843408
-5.635356,1,39.846258
-6.750792,5,39.858703
45.323203,19,39.89717
10.647858,5,39.907774
7.968189,10,39.930594
4.344522,2,39.936078
-2.380867,5,39.948183
-4.059681,5,39.960976
10.998071,15,39.994279
16.641983,17,40.033505
9.741208,9,40.052964
8.38218,4,40.06171
6.76863,2,40.066903
-0.49067,3,40.073969
-1.313273,1,40.07743
-7.330133,8,40.094278
4.137378,2,40.099494
7.915401,4,40.108057
10.589565,6,40.122219
-6.831407,1,40.125454
-1.458518,2,40.130324
5.261666,3,40.137603
6.92874,3,40.144632
-2.15742,10,40.165647
-8.429563,3,40.172742
2.208639,1,40.176162
1.598769,1,40.179061
-10.749763,3,40.186524
20.025188,5,40.197602
19.134093,16,40.232374
9.811641,4,40.241808
-8.630165,1,40.245077
2.963319,1,40.247773
-4.852617,1,40.251484
29.095524,10,40.272764
-4.345356,1,40.275599
1.370004,3,40.282441
-2.089304,2,40.287975
-3.312399,2,40.293185
-15.948683,3,40.300366
4.616244,3,40.307347
1.111354,3,40.314728
17.579248,4,40.323772
35.994556,11,40.346254
-5.296343,4,40.355486
11.092496,15,40.385382
-6.527554,1,40.388934
-3.088034,1,40.391967
15.100406,10,40.41377
19.72653,21,40.457339
2.631818,5,40.467934
0.795746,3,40.475203
-5.355707,2,40.480313
1.059841,3,40.488548
-3.456032,4,40.497232
-1.607565,4,40.507064
-5.041091,1,40.510024
3.916387,2,40.515434
9.229934,6,40.528242
12.206869,5,40.538733
-1.032383,2,40.543911
2.402897,1,40.546611
1.691886,1,40.550196
2.984542,9,40.56848
4.361179,3,40.575229
-0.068835,1,40.578451
9.483163,3,40.585551
-3.62599,3,40.592785
22.172883,17,40.629507
-4.459623,1,40.632904
5.366503,2,40.637392
9.465505,6,40.64992
35.154873,19,40.689988
0.797749,1,40.692706
5.331059,4,40.702077
-1.522546,4,40.71079
-3.162743,1,40.713463
2.370292,1,40.717208
-5.06538,2,40.722746
3.070433,5,40.734195
5.526925,4,40.74317
22.005037,8,40.759879
-3.085501,1,40.762563
-8.099002,3,40.76988
15.763859,8,40.786475
-4.077751,2,40.791181
-0.414987,3,40.797816
8.11409,11,40.822346
10.341154,5,40.83412
-6.235642,2,40.838763
1.004669,4,40.848567
29.818306,13,40.876472
14.939748,9,40.895068
-16.725771,4,40.904324
0.737999,4,40.913643
0.134137,2,40.91909
-0.118364,5,40.929814
-1.478563,2,40.934753
-1.079013,1,40.938002
-2.112468,5,40.948173
2.383396,7,40.96252
14.05761,6,40.975541
-2.758747,1,40.978648
7.516369,6,40.991578
15.926698,5,41.002055
-4.052828,1,41.00489
3.746538,8,41.023574
0.985908,4,41.033377
-7.267472,1,41.037096
8.902837,3,41.045102
0.1874,1,41.049332
4.157828,11,41.074368
10.270181,4,41.084051
14.432475,7,41.098053
2.52182,9,41.115644
13.0307,10,41.137154
-1.691274,4,41.145915
1.367856,2,41.150464
5.290514,3,41.157163
2.994056,3,41.16406
-2.137209,1,41.167448
1.124969,2,41.172203
23.935477,14,41.199373
-2.977221,5,41.210186
-1.784314,12,41.237384
-3.996801,3,41.244285
3.1,2,41.248929
-7.632994,1,41.252029
0.942798,4,41.260517
-7.660621,3,41.267273
-0.441439,4,41.275889
0.057767,1,41.27905
9.2904,6,41.291573
-2.849728,3,41.298442
-6.903204,1,41.301321
4.601613,4,41.310281
9.587819,5,41.321582
31.842208,16,41.353024
2.241774,15,41.381782
4.368975,4,41.390671
-1.839102,1,41.39342
-2.69124,1,41.396556
-8.821575,2,41.401308
0.434816,1,41.404279
-0.773689,1,41.407
-0.934002,2,41.41197
3.208457,2,41.41679
-6.373291,4,41.425406
5.104217,3,41.432333
-3.142221,1,41.435156
0.276094,2,41.440361
-6.550572,2,41.445383
14.050076,16,41.476095
-1.180139,3,41.482914
-4.257179,3,41.489719
-5.762729,1,41.492991
-3.708162,1,41.495783
2.805715,2,41.500687
-8.151099,9,41.518848
20.765748,5,41.529926
-4.026381,1,41.532765
-0.30565,3,41.539502
9.331026,4,41.548131
-4.169132,1,41.551034
-8.94355,8,41.566884
-4.083221,8,41.583106
1.766152,3,41.589759
2.289791,1,41.592501
4.943193,3,41.5991
2.742979,2,41.604172
18.970338,10,41.624676
-4.644475,2,41.629485
9.426134,4,41.638486
-4.826461,1,41.641287
0.590111,9,41.659343
10.472026,13,41.684435
-5.663513,2,41.689504
7.378712,2,41.694473
-3.538083,1,41.697185
2.286686,4,41.705654
-5.043625,1,41.708711
-1.635364,3,41.715968
4.895139,2,41.720738
8.743207,6,41.732767
0.106135,3,41.740457
-0.055519,2,41.745666
7.054759,7,41.759472
2.57957,3,41.766042
-4.984269,1,41.768979
10.315764,7,41.78316
1.109119,4,41.792434
-0.401444,6,41.805576
-1.296054,1,41.808327
-6.471475,1,41.811901
3.956816,6,41.825437
-3.06274,1,41.82847
12.192571,5,41.840024
-4.061525,2,41.844743
0.430352,1,41.847828
3.305332,7,41.862716
-3.847993,3,41.8697
-4.883459,1,41.872576
0.079903,3,41.879801
-8.671118,1,41.883024
19.759712,12,41.907219
-2.364004,1,41.910427
-3.958031,6,41.923907
18.094316,7,42.349066
2.947361,3,42.355867
-2.37969,1,42.358868
0.945423,2,42.364293
-0.563031,1,42.367363
-2.20903,4,42.376639
-2.471098,3,42.385318
3.274668,1,42.388987
-14.267835,2,42.393762
-0.653026,6,42.407404
-7.91371,7,42.421871
3.008654,4,42.430518
-2.021685,5,42.441074
-1.876929,9,42.45959
4.548103,5,42.470482
-5.999826,1,42.473372
21.055118,11,42.495228
4.257655,6,42.507947
-6.876547,1,42.510825
13.343911,7,42.524927
11.028534,3,42.531906
-1.721387,2,42.536892
-5.326608,1,42.540213
-4.704761,5,42.550455
23.38773,7,42.564776
-4.052424,1,42.568023
3.808932,3,42.574707
-6.847648,7,42.589786
5.280453,2,42.594646
-1.099817,1,42.597807
0.601946,1,42.600721
-4.6614,2,42.605722
-2.824314,1,42.608763
3.44176,3,42.615973
-4.136297,2,42.621005
-0.447992,1,42.624303
-5.725218,1,42.627061
-5.742423,4,42.636966
0.746891,5,42.647224
5.481238,4,42.655475
-8.412997,3,42.662325
-0.230549,2,42.667276
-1.092764,4,42.675776
-3.268941,2,42.680714
-2.338617,3,42.687436
-8.624041,1,42.690129
19.934711,9,42.708293
-1.771151,1,42.710999
11.309418,11,42.733267
6.967667,4,42.741998
-3.698518,1,42.744759
2.162587,2,42.749466
0.978208,1,42.752164
6.255808,7,42.76612
19.245188,9,42.784018
-8.928791,5,42.794152
4.466956,1,42.797414
-1.410941,11,42.8197
4.92003,5,42.830434
-4.854025,1,42.833368
7.761927,5,42.843812
29.124852,17,42.877518
-4.932142,1,42.88088
-3.892354,5,42.891168
-6.452073,4,42.900133
-6.119713,1,42.902961
7.438688,7,42.917198
23.392618,11,42.939425
4.998276,3,42.946684
15.348968,13,42.972953
18.22125,10,42.993045
3.387904,3,42.999866
-13.04348,4,43.008428
0.095981,8,43.024652
17.512476,14,43.05306
1.635342,2,43.057672
0.405258,1,43.061275
16.291941,12,43.084853
-2.475633,1,43.087942
4.937972,11,43.110116
0.961202,3,43.11678
6.359108,3,43.125293
-2.183566,1,43.128779
4.107348,12,43.153283
-5.296875,4,43.161739
-5.573755,1,43.164959
26.643927,14,43.514001
3.217602,4,43.524024
16.665852,14,43.560058
3.069866,1,43.564936
7.7092,7,43.594465
14.464884,14,43.644278
60.134287,26,43.722896
-0.678917,2,43.729843
-7.52818,1,43.734978
-0.53483,4,43.750623
14.807805,8,43.778692
38.51132,13,43.813386
15.29537,10,43.835339
19.269378,12,43.861358
6.983056,7,43.879288
-1.390406,3,43.888026
-2.911126,1,43.892698
7.720829,7,43.907258
22.090163,12,43.932527
-3.182079,2,43.938236
2.452757,6,43.952159
1.918358,1,43.956008
30.977376,14,43.985719
-2.438915,1,43.988633
5.275587,6,44.001266
-4.873892,2,44.006613
0.658806,4,44.015182
0.866587,1,44.019034
-2.361438,2,44.02398
-9.768245,1,44.02714
1.978937,1,44.030124
-2.170354,3,44.037217
14.892783,18,44.074563
-6.61479,1,44.07747
-11.125493,8,44.094325
-2.439457,1,44.09718
2.255982,5,44.109491
10.216225,3,44.117087
1.89683,1,44.120811
-3.11012,1,44.124801
-11.717889,4,44.13382
22.709025,6,44.148604
39.980559,12,44.1745
1.581741,1,44.178155
0.917356,2,44.182856
2.059933,6,44.196351
-5.065675,1,44.199903
-1.285977,9,44.219651
4.284157,4,44.228827
0.070617,14,44.258126
1.200349,3,44.264888
4.254246,4,44.274022
-4.827504,1,44.277196
11.298893,7,44.292139
31.675425,16,44.329934
-2.091303,1,44.332928
2.929429,6,44.346816
-1.354554,1,44.350015
13.730899,4,44.359117
27.033724,13,44.386162
-4.016062,1,44.389364
-3.664992,13,44.41643
11.383849,4,44.4257
-3.004581,2,44.43071
-3.086822,1,44.434072
-3.81269,6,44.44823
-1.973156,3,44.455191
-2.844263,1,44.458037
-4.294786,4,44.466932
-2.003203,2,44.472033
6.560932,4,44.482443
-0.667885,16,44.515491
3.928217,5,44.526207
2.404456,5,44.537844
-0.512189,4,44.546687
7.375562,4,44.55558
2.569266,4,44.564354
15.43602,4,44.573573
7.079568,10,44.594934
6.875046,7,44.610211
0.420384,1,44.613062
0.801153,2,44.617921
-4.826461,1,44.621006
-2.039083,1,44.623895
6.25185,2,44.628967
6.663356,4,44.637409
11.534129,14,44.665603
-6.909718,1,44.668434
4.027823,3,44.675296
11.360986,7,44.69066
-4.826461,1,44.693436
21.469386,7,44.707641
21.512776,10,44.728434
-0.488746,4,44.736915
-7.259848,1,44.740705
-0.438258,1,44.74352
-6.31462,3,44.751051
-5.719791,1,44.754477
-2.383866,2,44.759548
10.576608,4,44.768905
-7.087881,2,44.773961
-4.007132,1,44.776944
-5.747041,1,44.780014
45.88312,29,44.836349
-5.789397,1,44.839357
24.487128,8,44.855646
4.843155,9,44.874423
-7.832837,2,44.880047
-2.387547,1,44.883039
-3.580595,2,44.888564
-2.727316,1,44.892149
2.117416,2,44.896916
-2.7158,1,44.900271
1.599481,1,44.903069
2.902482,6,44.916101
-4.733017,1,44.919232
-8.951586,1,44.922542
15.911632,10,44.943224
22.345995,16,44.975394
-4.173181,1,44.978165
5.835298,4,44.986755
-0.125961,1,44.990461
49.097324,31,45.051988
1.060425,1,45.055138
27.152036,23,45.105398
4.216431,3,45.1164
14.278341,13,45.153677
6.011492,4,45.163492
6.166255,4,45.172456
-12.557357,2,45.177491
-3.70728,1,45.180354
-1.114135,2,45.185867
4.328505,8,45.203849
5.060643,2,45.209119
-11.755768,3,45.215984
-5.83727,1,45.219419
8.562965,13,45.246918
0.224923,1,45.249727
-1.220968,1,45.252874
3.852235,3,45.259522
9.402092,3,45.26607
11.350112,4,45.274416
-3.333924,3,45.281063
-5.062043,1,45.284191
-0.049546,1,45.28751
4.8046,2,45.292232
1.548496,1,45.295682
7.669101,5,45.308813
3.47496,2,45.31397
-4.582466,1,45.317852
12.569589,5,45.330567
-4.019269,7,45.346909
16.013878,5,45.359378
3.235637,3,45.366502
5.645625,10,45.386969
5.147391,3,45.394552
-2.741975,2,45.399395
14.786658,13,45.426399
-2.744637,4,45.435611
-0.899086,1,45.43844
6.073976,4,45.447098
23.448933,12,45.474265
1.083284,2,45.479778
-2.273724,1,45.483726
4.304355,3,45.492
-2.250981,1,45.496269
23.847257,8,45.513499
0.789258,7,45.529334
-5.592421,1,45.532665
-0.036678,7,45.547391
2.668097,1,45.550826
6.14123,7,45.565859
-9.673539,7,45.581292
2.720637,1,45.584277
-3.327273,1,45.587321
-3.550189,1,45.590135
6.908304,4,45.598735
3.283877,12,45.623746
3.159574,3,45.631069
-7.528678,2,45.636346
27.354741,9,45.655222
-3.8794,2,45.660081
5.890219,2,45.665353
1.652306,3,45.672084
-5.026521,1,45.675024
-4.232181,1,45.67801
-5.833412,2,45.683306
-5.460311,2,45.68803
18.910951,6,45.700206
14.870902,10,45.720675
-0.717367,3,45.727403
-1.657964,2,45.732589
-3.677072,2,45.737379
0.790506,3,45.744257
13.385208,5,45.754905
0.839621,1,45.757595
2.174151,2,45.762435
2.958043,4,45.771023
-5.765222,2,45.775818
5.713218,4,45.785684
-0.35959,3,45.792588
-5.615287,4,45.802094
4.19361,2,45.807563
-2.444812,1,45.81076
-1.730607,1,45.814065
9.713986,5,45.826508
29.250377,10,45.850903
24.753907,7,45.866995
9.576063,3,45.874729
9.934792,2,45.880616
0.029892,3,45.888369
0.299509,6,45.902488
4.257014,2,45.908467
-1.747852,7,45.924622
-0.095228,4,45.934087
14.69941,7,45.949931
8.408068,7,45.965613
1.483862,2,45.970628
-3.429688,2,45.976711
-3.447486,3,45.983997
14.249967,13,46.011266
5.099681,6,46.023849
-4.37903,4,46.033008
-1.981813,1,46.036285
-3.435343,6,46.049595
9.219592,5,46.060182
-1.57116,2,46.065222
4.283374,1,46.067949
-2.712909,2,46.072917
-8.288957,7,46.087828
-0.345904,4,46.097633
-6.237469,2,46.102771
-3.211018,2,46.108285
2.294416,3,46.116232
2.166588,2,46.12228
5.280151,4,46.131894
-6.687118,3,46.140788
-0.063937,1,46.144393
5.748159,4,46.154919
-3.843484,2,46.161791
19.00033,19,46.204616
14.270613,5,46.21541
-6.732232,4,46.225039
-5.010342,1,46.227755
-10.157021,5,46.239484
25.548468,8,46.260285
20.416877,8,46.277512
-6.006422,13,46.303563
-6.522191,3,46.310425
3.143191,5,46.321478
-4.740835,4,46.330654
-3.773713,1,46.333533
2.629329,5,46.3443
9.716674,5,46.355085
-3.310517,1,46.358137
-8.18901,2,46.363867
-9.923856,4,46.373152
14.712379,6,46.386269
-2.671076,1,46.389911
-1.327468,5,46.401731
18.536896,9,46.423582
-3.083608,2,46.428705
3.535748,4,46.438377
8.708104,3,46.445549
16.872639,8,46.463339
-2.433705,12,46.488671
7.283503,7,46.503843
4.765491,5,46.515413
20.113492,8,46.532275
-5.171137,4,46.541174
10.489123,15,46.573107
15.85358,4,46.582129
22.801076,14,46.612241
8.526609,6,46.625994
23.192835,7,46.641484
4.256532,2,46.646353
11.114203,6,46.659204
9.909558,20,46.699358
-6.614564,1,46.702429
-4.20613,1,46.705423
-1.884916,3,46.712435
-1.564876,1,46.715414
26.498999,7,46.730765
-1.912873,1,46.733727
-8.762498,2,46.738995
12.543562,4,46.747541
2.359677,4,46.756505
-4.382885,2,46.76176
-1.555717,2,46.767328
-8.865345,2,46.772497
-2.690221,2,46.777221
4.328132,3,46.784083
-3.719174,2,46.788996
-5.98802,1,46.791952
-1.1263,3,46.798868
0.377314,3,46.805448
-5.467418,1,46.808643
-3.995063,3,46.816067
7.761729,6,46.829976
4.86295,5,46.841919
-0.0596,1,46.844824
-0.137895,1,46.84888
4.401785,3,46.856756
3.321562,8,46.874351
-4.915205,1,46.87782
3.310585,3,46.885707
32.453723,7,46.901924
-0.802271,1,46.905698
6.577014,3,46.913681
1.3698,2,46.918891
23.884754,8,46.935609
9.843959,6,46.948897
15.771336,9,46.968077
20.397625,8,46.984495
2.17728,2,46.989479
-4.59545,1,46.992225
1.141505,5,47.002988
-3.513068,2,47.008189
8.521424,5,47.018856
9.179396,5,47.029786
-2.556068,6,47.042233
18.995595,14,47.071475
-6.940996,3,47.078534
3.517616,2,47.083335
28.608225,15,47.113387
3.300102,17,47.147041
1.09895,1,47.149883
-7.653046,6,47.163261
8.325861,2,47.168213
14.417149,5,47.178557
9.941876,3,47.185536
-2.922755,2,47.191301
11.492532,7,47.206536
8.722503,5,47.217283
1.620129,7,47.231694
6.012439,2,47.236691
-0.855461,1,47.23948
4.021128,2,47.244315
-0.098804,1,47.247061
0.059218,4,47.25561
1.145128,3,47.262291
-6.113469,4,47.270724
7.329658,6,47.675263
-4.74875,2,47.679956
8.239772,4,47.688408
43.956509,16,47.720087
17.3317,9,47.738821
16.23524,8,47.755525
-1.707982,1,47.758733
-3.990053,1,47.761478
-7.325236,6,47.774313
7.486207,10,47.794352
24.674509,9,47.812102
12.90125,4,47.820531
10.474852,4,47.828985
1.118153,1,47.831866
-7.151144,3,47.838534
-3.212719,3,47.845172
9.063301,9,47.864301
3.481836,1,47.867677
19.019852,10,47.887592
1.436448,2,47.892572
10.236321,10,47.912421
-2.139571,1,47.915199
-3.81425,1,47.918359
0.958525,5,47.928871
0.2959,5,47.939831
6.574414,5,47.950413
5.076592,8,47.967301
0.351619,1,47.970196
-1.064321,4,47.978878
-4.845533,1,47.981822
15.747749,14,48.009744
29.886453,18,48.044682
5.606091,3,48.051369
32.036557,13,48.0775
5.843528,3,48.084103
16.79646,6,48.096281
4.844031,4,48.104891
8.624461,5,48.115132
0.765296,1,48.118227
6.466242,3,48.125109
-1.714465,2,48.129614
21.467813,12,48.153208
10.752398,5,48.163421
12.679191,6,48.17611
-0.959968,4,48.18432
1.424498,3,48.191664
17.190711,5,48.202291
38.734385,18,48.239187
2.874274,4,48.24787
1.462453,4,48.257287
1.137668,8,48.274481
16.41624,5,48.285525
-2.964416,1,48.288244
13.437637,6,48.300692
-6.143709,1,48.303535
13.062394,4,48.312587
4.097929,4,48.321635
14.388452,11,48.343728
4.450313,4,48.352734
10.003889,3,48.359957
1.767161,2,48.364925
-4.160894,4,48.37359
-2.920654,1,48.37665
-9.452831,3,48.383221
-1.728275,5,48.393786
-1.889866,3,48.400476
1.362862,1,48.403606
-1.948535,3,48.410484
-3.307581,3,48.417142
-5.125957,6,48.429781
3.609159,1,48.432627
11.97269,4,48.441326
1.928493,4,48.45002
4.681216,2,48.454941
15.141928,7,48.470019
13.305791,6,48.482573
-3.619602,1,48.485989
0.205856,3,48.492878
-5.284894,5,48.503688
-4.826461,1,48.506983
7.695071,5,48.517406
-0.884443,1,48.521156
16.106137,5,48.532225
-8.448568,4,48.541672
-7.965844,2,48.546727
-1.056243,3,48.55374
6.114793,5,48.565988
11.365954,17,48.974496
19.911691,7,48.99144
6.16708,6,49.008518
-5.278727,4,49.020861
-1.69168,4,49.031103
19.017273,10,49.058153
-0.00404,1,49.06237
-5.850264,1,49.065521
-5.148625,3,49.073293
10.273078,7,49.091122
3.701542,3,49.099373
5.860226,2,49.10558
8.449402,5,49.118523
6.387555,6,49.133857
-1.796488,3,49.142069
19.313229,9,49.163508
12.057167,12,49.193614
-4.187475,1,49.196839
0.25979,8,49.216753
2.647546,8,49.237633
-1.05241,2,49.244006
4.996123,4,49.255381
-6.543168,4,49.265843
-2.512014,2,49.272184
-4.035743,3,49.280447
-4.829676,1,49.284901
-0.419703,1,49.287943
9.560878,8,49.30784
-4.467991,1,49.312294
1.641769,7,49.333092
5.460551,8,49.353848
37.925557,24,49.410937
-1.501837,4,49.421427
5.02988,2,49.426969
4.152693,4,49.438028
16.700502,11,49.465369
6.999056,5,49.478503
-1.628242,2,49.485507
18.774815,11,49.513214
1.794969,2,49.51874
12.035773,8,49.539853
8.306219,4,49.550744
12.403901,3,49.559607
2.943204,3,49.569812
28.386931,11,49.600827
-5.719791,1,49.604976
29.455038,11,49.6329
1.678916,2,49.639259
10.952786,6,49.655046
9.459525,8,49.675702
-5.205962,1,49.680057
-6.794644,4,49.691085
-1.155344,7,49.709318
-3.715484,8,49.730244
0.606343,1,49.733306
4.424718,4,49.745126
-2.123789,1,49.749682
-5.471962,1,49.752825
-1.19896,1,49.757065
-2.424405,4,49.767727
1.903827,3,49.776617
3.509393,3,49.785141
21.535169,9,49.808693
-0.15182,4,49.820396
-4.825371,1,49.824386
2.84118,3,49.832998
-8.863321,4,49.843938
1.987186,5,49.857195
10.10614,4,49.868651
3.716098,2,49.87522
7.148567,7,49.894654
8.104893,9,49.918379
7.621704,6,49.935161
-7.081036,2,49.940433
3.597189,3,49.948628
13.83238,6,49.965071
-3.004,1,49.968298
4.502393,2,49.974437
-2.270377,5,49.988183
1.231414,1,49.992092
-2.160652,2,49.99783
4.832413,4,50.007007
-8.955571,1,50.009905
20.756152,10,50.030619
6.276085,4,50.039424
-3.469074,1,50.042419
15.317682,7,50.057508
6.14192,8,50.076573
-6.439831,6,50.090754
6.398604,3,50.097852
-7.885457,2,50.10323
-3.105968,2,50.108113
-5.44906,2,50.113026
10.296778,4,50.122717
0.53861,4,50.133532
0.239889,4,50.143563
-6.889446,6,50.157929
-2.701988,1,50.160745
7.388899,5,50.173249
1.56415,7,50.189029
-1.746163,2,50.194769
-7.763189,3,50.202529
4.497236,2,50.208183
7.465018,7,50.223045
23.797319,10,50.244672
3.932758,3,50.251597
12.424465,5,50.263527
19.081706,6,50.27721
14.894315,8,50.296755
0.168409,1,50.299667
-5.186996,1,50.303333
1.255302,3,50.31097
-1.248729,4,50.320343
-5.807241,1,50.324263
-4.594771,1,50.327342
-3.607229,1,50.331511
-3.731744,6,50.345742
15.719337,6,50.359191
-8.944145,3,50.36627
-5.486714,3,50.373458
25.276334,12,50.398109
5.156188,3,50.404969
3.398747,6,50.417698
9.645662,4,50.428015
-2.09479,2,50.432988
2.911346,5,50.444025
-6.124699,2,50.449148
1.687581,2,50.45386
-6.638678,2,50.458904
-1.413071,6,50.471953
-0.392891,1,50.475307
-6.281132,2,50.480433
8.500747,5,50.493239
6.053882,7,50.509085
-3.787733,4,50.518053
13.789382,8,50.535967
1.182706,7,50.551039
-2.165117,2,50.556168
-0.656871,3,50.563051
-7.067568,2,50.568615
-14.41806,4,50.577789
-2.866616,3,50.585246
-2.58134,3,50.592706
-11.679077,2,50.597912
4.21355,7,50.613778
2.39229,2,50.618968
4.109162,3,50.626929
-4.193617,6,50.640671
5.091633,5,50.652663
13.080668,5,50.663836
-7.973375,1,50.66657
-0.362085,4,50.675585
11.115118,9,50.694968
36.085459,22,50.737504
10.106891,13,50.764107
2.466828,2,50.768993
0.763174,1,50.771784
11.922141,9,50.791061
-2.973273,6,50.803803
25.456281,9,50.821767
4.34784,5,50.832566
1.967976,2,50.837585
10.419298,7,50.852207
16.412654,15,50.882666
3.276904,11,50.905422
25.426566,7,50.920862
-0.649495,2,50.92593
4.765028,2,50.931229
-5.076368,1,50.934657
-1.948555,4,50.943857
19.220426,5,50.955232
11.760012,5,50.966168
4.763727,13,50.993808
12.299344,10,51.014627
1.499449,7,51.029607
2.37082,5,51.041094
-3.949954,1,51.044369
4.733695,3,51.051411
25.594473,9,51.070791
-2.707918,1,51.074197
-3.996419,3,51.08173
5.51416,7,51.098022
10.254713,7,51.114742
2.813224,2,51.119978
9.142778,4,51.130925
37.426692,14,51.161634
15.658926,6,51.175057
23.710273,7,51.190709
-5.151947,2,51.195927
18.090523,11,51.219917
-2.543523,5,51.232178
25.329502,7,51.248451
0.719201,4,51.257464
-5.920643,1,51.261052
-13.309409,6,51.275637
8.146911,2,51.281827
-2.559966,2,51.287002
13.425389,6,51.300302
-1.780817,1,51.303835
-5.08188,1,51.306748
0.659193,3,51.3142
5.800847,4,51.323706
-4.826461,1,51.32687
-5.08881,3,51.334604
27.404595,15,51.366334
-3.036543,2,51.37127
13.970514,8,51.388474
-2.440394,1,51.392284
-9.562342,1,51.395198
-12.561274,9,51.413137
23.244433,13,51.439033
15.361258,5,51.449464
18.845203,8,51.465187
-6.676158,3,51.471908
6.298265,3,51.4784
-0.423464,4,51.487382
8.543963,5,51.498292
8.358912,3,51.504959
11.406259,15,51.535342
8.125707,4,51.544547
-2.35991,4,51.552942
2.259578,3,51.559914
9.602473,10,51.581132
3.315552,5,51.591793
15.352864,9,51.610734
3.158801,12,51.636097
2.466055,2,51.641212
3.3055,5,51.652063
5.042219,3,51.659453
-4.491948,4,51.668513
-3.457264,5,51.680395
2.927854,7,51.696012
-3.638889,1,51.69934
6.083031,4,51.708186
3.698062,5,51.71964
-2.88244,3,51.72697
13.654562,3,51.733954
25.608387,13,51.761298
-0.040762,1,51.764246
11.907305,5,51.775682
21.334316,6,51.788515
-2.821301,9,51.808294
-1.551724,1,51.811275
7.016842,3,51.818566
1.535292,2,51.824076
4.57784,4,51.833368
15.082976,6,51.846418
1.726009,5,51.858214
18.72589,10,51.8794
-3.645126,1,51.882395
-0.173771,2,51.887764
5.250142,5,51.899401
13.480332,13,51.926473
2.019798,2,51.931455
1.20154,2,51.936502
-1.568016,5,51.947925
5.475054,5,51.958157
-8.814992,1,51.962327
11.056536,6,51.976076
-4.628716,1,51.979003
7.338426,4,51.988945
-7.730241,2,51.99369
-4.643596,5,52.004962
0.408491,3,52.012195
17.042908,9,52.031157
3.192727,2,52.035867
4.891523,7,52.050042
1.206416,5,52.06087
7.726544,2,52.065915
13.864459,12,52.090469
3.194016,1,52.094167
16.81362,11,52.116723
5.135561,5,52.127918
0.864603,3,52.135141
21.0108,12,52.160541
-1.270762,4,52.169754
-6.560317,2,52.174543
-4.924104,1,52.177738
-1.2143,5,52.188974
-1.38062,1,52.192312
70.365698,31,52.255732
1.214281,1,52.259451
9.349175,5,52.270371
0.414878,1,52.273861
13.140248,10,52.295539
-3.57099,1,52.298324
3.943828,4,52.307675
0.342026,4,52.316988
-3.296836,1,52.320086
-1.069311,5,52.330886
-2.438908,3,52.337539
1.347101,4,52.346921
3.009114,4,52.356749
-5.578757,1,52.35958
-7.654908,3,52.366882
2.087349,8,52.383546
16.724638,5,52.394611
17.840286,11,52.41679
-2.253413,1,52.420416
4.021044,1,52.423288
-3.450286,3,52.430806
2.708652,3,52.438459
18.719022,5,52.450019
4.754568,4,52.459582
7.848652,6,52.472918
-0.587717,5,52.484411
23.200509,16,52.520382
-1.513355,6,52.535064
-7.299043,2,52.540029
-1.287894,3,52.547434
11.074496,11,52.571542
8.969915,7,52.587952
5.172697,2,52.593697
17.802701,15,52.626768
19.317749,10,52.649282
-0.629359,4,52.65811
2.145273,3,52.665747
19.498275,8,52.686585
25.183855,9,53.133025
8.57648,11,53.156219
4.874291,6,53.172194
-4.183267,1,53.175827
8.166815,14,53.20624
-1.245735,1,53.209355
13.168336,4,53.219029
-4.625691,1,53.222429
-5.993941,1,53.225824
2.400469,2,53.231919
-5.698357,2,53.237124
1.703019,2,53.24213
12.845492,9,53.262054
-1.080988,2,53.267881
3.740498,5,53.279594
-4.806098,6,53.293324
2.764611,2,53.29919
-4.41965,1,53.302531
-4.770476,2,53.308374
-8.462209,2,53.313814
-2.981762,1,53.316756
-5.075187,2,53.322141
6.545309,3,53.32978
0.359774,2,53.335016
-4.826461,1,53.338045
22.039344,9,53.358485
3.780255,2,53.364614
5.933513,9,53.384087
5.842338,6,53.398875
-4.242696,1,53.402034
21.241611,10,53.423526
28.026222,10,53.446454
-4.99433,1,53.449401
14.124464,10,53.470991
9.894372,3,53.478626
4.619803,1,53.482199
-0.677873,1,53.485217
6.669387,6,53.498707
-8.580518,1,53.502405
7.912588,3,53.510291
-2.24984,1,53.513402
1.042053,2,53.518664
13.870252,4,53.529899
12.708971,5,53.541276
12.540881,9,53.561495
4.592809,3,53.569381
0.797891,2,53.574783
11.020588,7,53.592916
27.224529,16,53.62725
-12.662079,7,53.642676
-14.39883,6,53.6552
-7.112885,10,53.675602
-6.343278,5,53.686761
4.608407,4,53.69701
7.338029,4,53.707094
21.812163,10,53.727318
-3.497719,2,53.732732
-3.3699,1,53.735901
8.23189,3,53.742885
-4.314673,3,53.750104
4.17942,4,53.759923
1.845254,2,53.76521
9.289479,7,53.779949
-4.844438,1,53.782713
3.913345,11,53.80686
10.861186,8,53.824635
14.574551,15,53.857645
10.133867,4,53.867393
0.975944,4,53.877489
-4.975799,1,53.880529
-4.634818,2,53.885588
10.230111,12,53.910933
-1.015462,4,53.919885
-0.002402,4,53.930322
0.160063,4,53.94013
3.886385,3,53.947531
-6.972361,1,53.950482
-0.825707,1,53.953516
12.978468,7,53.967409
8.666698,5,53.977782
5.836843,6,53.99143
10.757924,5,54.003857
-4.121867,9,54.022855
-5.556161,1,54.025939
1.771947,5,54.037941
-1.283052,3,54.045001
5.315865,4,54.053611
9.548701,7,54.068524
3.050634,4,54.077595
3.322974,4,54.086853
5.09179,4,54.096738
18.354197,5,54.107598
-1.611697,5,54.118144
0.531353,3,54.125339
18.606115,8,54.142287
-1.620453,6,54.155311
8.631102,3,54.162809
7.267441,3,54.169932
10.972079,3,54.176987
21.515582,7,54.191617
13.171251,9,54.211128
-5.719791,1,54.213866
21.067293,11,54.558863
8.969246,3,54.566913
31.448975,18,54.611564
28.065637,7,54.62913
7.001632,4,54.640229
9.824431,5,54.651843
11.92,10,54.675981
0.352819,4,54.686987
-18.212241,6,54.703477
-2.114986,1,54.706531
-11.028757,2,54.712408
11.35619,8,54.732921
-5.755199,3,54.741352
11.606914,4,54.751739
22.082915,7,54.767884
-4.905461,2,54.774012
-2.652515,1,54.777997
-4.917438,1,54.781265
1.468358,6,54.795113
16.617842,5,54.807912
-0.004992,3,54.81558
-3.402486,2,54.821572
2.412513,5,54.834209
6.877916,5,54.846107
1.055797,1,54.849558
-10.639108,1,54.852708
9.036513,6,54.867233
-2.732531,3,54.876227
2.886811,4,54.886922
-3.362109,1,54.89047
-0.734496,2,54.895591
5.760494,9,54.915153
-10.547333,9,54.934244
7.835634,5,54.94538
16.036007,5,54.955747
-1.220325,8,54.973284
-5.511177,1,54.976065
4.489985,3,54.983326
-3.699365,1,54.986827
-2.128837,2,54.991451
1.849605,2,54.99634
1.591181,1,54.99956
10.935242,4,55.00889
50.759714,22,55.053372
-2.541944,1,55.056645
13.823876,12,55.082443
-1.252664,2,55.087429
2.638174,3,55.094763
-2.75487,3,55.102504
1.864094,1,55.105791
-2.023092,2,55.111079
17.159834,6,55.123721
-4.160277,4,55.141556
3.942018,8,55.158321
-2.078932,2,55.163818
4.075364,7,55.179545
-3.486661,3,55.18703
4.29711,5,55.19923
37.183861,11,55.223616
16.429288,7,55.23944
25.554295,12,55.264763
-2.627091,2,55.269908
-1.113594,2,55.274808
59.103146,21,55.322742
-1.38182,4,55.331884
-3.805974,1,55.334921
20.587443,10,55.354906
5.438212,3,55.362191
12.111216,6,55.37561
-2.921838,1,55.37841
11.295608,7,55.394288
-0.605979,3,55.402091
95.344607,35,55.473449
-4.132981,1,55.476588
3.62803,2,55.481903
-4.109054,1,55.485833
30.634392,20,55.531507
8.817107,3,55.53873
4.431319,2,55.543953
13.849936,6,55.557373
-7.956258,2,55.563534
20.89263,12,55.589047
-3.27966,5,55.600831
1.41903,22,55.648591
6.849377,7,55.663679
12.240556,8,55.683541
5.546694,4,55.693655
40.688016,20,55.736173
0.136579,3,55.743067
-0.963549,3,55.749759
-0.501833,6,55.761818
38.818647,13,55.786977
-4.497674,2,55.791737
12.409904,6,55.805151
21.142654,8,55.821083
57.940753,27,55.871895
-10.639108,1,55.875088
17.454139,5,55.885659
12.371589,3,55.892173
12.974538,6,55.905254
5.246097,6,55.918064
11.647882,5,55.928239
1.260668,7,55.941901
-5.719791,1,55.944842
3.206562,5,55.954731
64.973989,20,55.992367
20.114282,15,56.021384
1.117804,3,56.027738
4.547271,5,56.037493
9.889238,6,56.049629
24.524973,10,56.06881
0.764876,1,56.071491
-5.392078,2,56.076704
0.36368,1,56.079499
1.456079,10,56.098764
10.336219,6,56.112201
3.621629,1,56.114929
33.659595,13,56.139987
85.353738,37,56.210305
12.907737,7,56.224352
-0.944895,4,56.23338
4.247674,5,56.243699
0.19444,3,56.250222
10.558724,8,56.265614
23.070044,5,56.276908
-8.729957,5,56.28754
1.331578,2,56.293028
21.55256,12,56.317288
9.214309,6,56.329384
21.629969,6,56.341753
17.370462,6,56.354284
-1.249054,3,56.361124
5.352785,4,56.369753
6.983748,4,56.3785
0.561973,2,56.38335
3.307506,5,56.394183
6.856171,3,56.400959
-4.635961,2,56.405685
-0.032218,4,56.414792
12.213543,6,56.427056
-3.446856,4,56.436028
-3.392689,4,56.445343
9.39565,4,56.454739
20.552312,12,56.47803
16.018905,12,56.501489
-6.63681,8,56.517244
0.587839,3,56.523735
0.883445,1,56.526979
6.575691,4,56.535463
10.261201,6,56.547662
-0.160451,5,56.557779
-2.014003,2,56.562716
32.919569,16,56.593219
0.413574,8,56.610172
-4.631959,6,56.622966
6.692523,6,56.636252
21.516913,13,56.662083
-1.479576,3,56.669335
3.092565,1,56.672764
1.760809,1,56.675496
3.640984,3,56.683187
-1.85295,1,56.68687
3.572073,2,56.691714
5.121769,1,56.694576
-9.548028,1,56.697623
9.088644,4,56.707665
2.387515,2,56.712952
-2.747561,2,56.71774
4.786571,2,56.722944
-5.600898,4,56.732006
2.153504,5,56.743013
2.764118,4,56.752044
30.479242,17,56.787348
14.397282,10,56.809493
9.814358,5,56.8202
5.480514,4,56.828538
4.121675,3,56.835755
9.196345,4,56.845126
-6.543934,3,56.852877
7.966739,5,56.863834
9.332921,4,56.87401
9.19086,5,56.886148
2.974008,8,56.904101
42.399197,26,56.955948
11.150848,3,56.962649
11.388427,7,56.97728
-0.607632,3,56.984514
-2.6441,1,56.98733
14.315186,6,57.000462
-5.02811,6,57.013702
-1.574833,10,57.034611
-4.337113,1,57.037494
-2.033377,2,57.042598
16.392769,25,57.093372
9.274103,8,57.110905
16.56427,7,57.126531
4.151975,1,57.130226
70.570445,27,57.186274
27.565474,22,57.233493
-1.065737,4,57.242435
13.512439,6,57.255884
64.942228,25,57.309103
5.260084,6,57.321344
9.423385,4,57.330698
40.715424,10,57.350708
7.684845,4,57.359428
-1.615899,3,57.366421
18.838544,9,57.385387
-2.347161,1,57.388904
25.338753,10,57.420824
1.112078,2,57.428232
3.253558,3,57.438956
15.837424,8,57.462003
6.544782,5,57.477405
18.180173,17,57.51245
20.663466,8,57.528727
8.014798,13,57.556727
-4.800945,4,57.565873
-1.366109,1,57.569004
132.022705,43,57.660443
-5.298153,1,57.664657
-15.365031,3,57.674246
-4.203967,3,57.683893
0.18416,3,57.69209
3.450702,6,57.706871
13.841327,5,57.719045
8.587337,2,57.724361
20.301003,13,57.754304
-2.168418,3,57.761905
-2.41655,5,57.773613
-6.99184,3,57.78124
10.384008,3,57.789233
11.187765,3,57.797231
38.714349,18,57.83921
11.57998,5,57.85283
-0.226693,1,57.855583
-2.102394,2,57.861489
4.940906,4,57.871117
0.549694,1,57.874625
3.323858,4,57.884119
-1.140147,4,57.893836
5.240118,5,57.905606
-6.186837,1,57.909184
9.211646,6,57.924331
-0.970036,1,57.928555
13.257911,5,57.942615
-8.094386,3,57.951301
6.096002,4,58.390222
8.755239,3,58.39752
14.711128,6,58.410441
19.09848,7,58.425331
11.537728,7,58.441247
-4.372558,4,58.450007
-0.838004,8,58.466547
1.033459,1,58.469731
-0.680908,2,58.474547
16.068405,11,58.497073
-3.262922,2,58.502591
0.839026,2,58.507868
2.829028,2,58.513083
6.655438,5,58.523918
2.043168,5,58.534373
13.648923,4,58.5429
6.225361,2,58.547646
-4.838431,1,58.550432
-4.828212,1,58.553413
7.203237,4,58.561621
6.349799,11,58.586503
9.043288,7,58.600816
29.913223,23,58.646472
40.96937,17,58.680362
-3.300682,4,58.690446
2.027972,4,58.699475
-0.444722,1,58.702481
-3.118064,2,58.707308
16.364503,9,58.726408
5.362487,10,58.746663
3.393699,3,58.753343
-3.664802,1,58.756073
7.875386,7,58.770383
-0.651208,2,58.776272
-7.568444,16,58.808106
9.243656,11,58.832625
9.325968,6,58.846685
22.44987,13,58.876496
2.451774,2,58.88166
2.020212,1,58.885056
9.455947,8,58.901151
-7.34408,2,58.905716
2.332056,3,58.912671
43.323069,13,58.942476
-5.042422,1,58.94582
-8.603091,1,58.949055
8.545332,4,58.958884
-0.680202,2,58.964252
2.925568,4,58.974761
57.396906,41,59.062525
4.725636,4,59.07303
5.462284,3,59.079842
9.847548,9,59.098613
0.427317,2,59.103724
12.144529,8,59.122621
1.343312,2,59.12797
-3.249697,2,59.133789
-8.676096,5,59.1446
6.865916,7,59.158887
-5.078842,1,59.162099
5.963675,8,59.17906
-3.146888,3,59.185993
-2.928086,3,59.19317
-4.864121,1,59.196208
3.584686,7,59.21182
2.324918,7,59.227337
-0.219697,1,59.230968
8.218923,4,59.239846
28.432444,11,59.262524
18.28395,11,59.288379
-12.015975,5,59.300905
11.947175,4,59.311245
3.467283,10,59.334655
-2.164678,4,59.343706
-7.497124,1,59.346615
44.95142,21,59.390777
24.857805,11,59.418578
1.729974,3,59.427102
-9.695805,2,59.433389
-2.188974,2,59.43876
19.226302,15,59.476807
10.190671,7,59.496109
16.540468,14,59.535849
44.053177,24,59.982485
20.257346,5,59.99668
8.429752,9,60.019754
34.311727,13,60.051817
-1.573136,2,60.057213
63.778581,25,60.112462
0.972611,3,60.120786
10.311949,7,60.137677
6.359254,5,60.149417
2.344488,5,60.160483
-2.000022,1,60.163611
1.878669,3,60.170842
24.123341,17,60.207544
1.135279,1,60.211122
7.034462,4,60.220962
6.762535,5,60.232913
-0.158298,2,60.238642
32.951437,12,60.264757
37.958355,17,60.300864
10.834384,5,60.311761
-2.91562,1,60.315052
22.710442,7,60.33025
4.582219,6,60.344126
-4.825236,1,60.347166
44.696548,22,60.392124
13.077145,11,60.414571
10.889335,9,60.434021
10.251575,16,60.465625
-5.252832,1,60.468792
28.999769,9,60.490111
18.078294,4,60.499118
8.347593,3,60.505936
3.741335,6,60.51851
25.998669,9,60.538141
2.729195,1,60.54115
7.601066,8,60.557719
9.467738,4,60.566677
16.172409,5,60.57783
-2.307497,2,60.582616
12.969096,8,60.599316
9.984806,4,60.60791
5.925631,4,60.61684
18.484762,8,60.635947
25.35822,10,60.65923
4.998979,5,60.671041
23.935399,13,60.704437
1.349665,6,60.719568
30.70919,20,60.768352
14.46564,10,60.793267
10.497016,16,60.831488
7.691846,16,60.870327
2.0789,5,60.88281
-10.097412,3,60.89081
39.860063,19,60.934983
57.437463,37,61.019287
-2.108545,6,61.03446
11.304295,8,61.053264
0.573269,1,61.057233
-4.662783,4,61.067302
6.005795,3,61.075435
-1.418922,3,61.082462
33.55312,15,61.113585
3.365954,13,61.142296
1.067224,3,61.149411
-5.881621,1,61.153099
3.195385,3,61.16028
11.257081,10,61.181677
6.968568,3,61.188841
13.832714,5,61.200046
29.441787,10,61.221186
16.344499,7,61.237971
-3.447106,1,61.240812
19.505498,15,61.273223
25.936587,12,61.297318
10.492765,14,61.327438
31.737827,28,61.38465
-3.124682,2,61.390033
2.756034,1,61.392954
-9.159219,1,61.396476
68.297554,28,61.4547
-3.967369,1,61.458277
16.651071,9,61.476554
7.793119,11,61.499274
-5.419156,2,61.504126
-0.248684,1,61.507646
25.468471,13,61.537299
6.175929,4,61.546095
-2.950462,1,61.549372
-0.860093,3,61.556087
34.644894,18,61.591705
6.151697,10,61.613497
5.142795,6,61.627998
16.251456,12,61.655124
-9.008249,1,61.658164
-0.20915,4,61.668114
75.17467,22,61.71314
0.962959,2,61.71804
-2.822157,3,61.725627
-8.170166,1,61.729513
0.963761,3,61.737153
16.747659,10,61.757906
26.651335,19,61.797291
-6.071322,1,61.80064
2.237878,3,61.807588
25.483968,8,61.824689
7.124667,3,61.832289
4.362106,2,61.837312
22.543637,11,61.861231
54.584922,24,61.91116
23.401788,11,61.934768
12.71434,7,61.949379
14.653857,10,61.971788
0.273501,6,61.984847
11.859011,8,62.001388
38.251246,12,62.025913
29.421184,15,62.057734
17.851219,6,62.070962
11.204531,4,62.079652
16.079751,12,62.104276
24.029995,12,62.128302
12.817761,6,62.142199
12.518563,13,62.168748
7.433818,7,62.183838
5.498148,5,62.1953
10.628197,7,62.210532
-13.443554,5,62.221909
-8.680316,2,62.226753
22.526418,8,62.245265
12.765637,7,62.259962
1.903288,2,62.265616
26.674106,14,62.294686
14.685163,6,62.307812
4.632064,4,62.316302
7.816271,2,62.321507
20.591494,5,62.333162
6.013733,5,62.343657
-2.620777,2,62.348815
5.062558,2,62.353917
20.008356,15,62.384818
3.891477,7,62.399402
21.123753,11,62.422058
21.750083,8,62.440071
-2.524509,2,62.445963
17.065944,19,62.486589
5.063494,3,62.493568
33.416126,13,62.521675
1.16037,1,62.524588
-7.060547,6,62.539274
45.990951,28,62.600574
22.648722,7,62.617246
13.497244,7,62.632566
13.061188,6,62.645837
0.702342,1,62.648531
10.671633,5,62.659484
14.650198,22,62.704011
19.19081,10,62.725495
3.706802,4,62.735613
-7.347139,12,62.760893
7.197024,9,62.780806
11.689466,15,62.814202
-3.838996,5,62.82702
-1.184556,2,62.833275
-2.552994,3,62.840874
12.072602,7,62.85754
9.044517,10,62.87985
5.025064,3,62.88789
20.319736,10,62.909787
-0.371918,1,62.912673
3.451315,5,62.92484
5.725669,2,62.930688
7.403735,7,62.947584
-2.854371,3,62.956356
2.516415,2,62.962111
-4.710338,1,62.966155
9.581461,7,62.983663
13.640812,4,62.995784
48.00415,26,63.052406
6.412795,7,63.069386
16.25915,8,63.087964
12.342994,7,63.104251
11.039695,8,63.122783
9.154236,4,63.133435
32.773502,11,63.159296
9.506409,4,63.168483
6.335465,9,63.188835
-3.325207,1,63.192496
47.623732,27,63.252964
33.485638,16,63.28763
-4.434856,4,63.729027
57.662976,29,63.791297
10.478872,7,63.806531
20.597265,12,63.834004
-2.640159,4,63.845457
1.706789,3,63.853687
-0.638862,1,63.857129
8.023493,7,63.874676
4.026761,1,63.877729
11.382524,6,63.891783
-4.146303,3,63.8995
-2.926359,1,63.90274
15.636971,6,63.916755
-1.162344,5,63.930981
35.084077,23,63.981387
11.198468,7,63.998404
-0.677014,1,64.001277
13.861738,6,64.015569
47.327953,24,64.068579
4.629541,5,64.080081
-0.116205,1,64.083644
16.127513,5,64.09621
15.689935,13,64.126214
-4.536043,1,64.130022
-3.133104,1,64.132994
-7.983027,1,64.136834
89.813454,42,64.227853
-4.338382,1,64.23069
-2.614114,1,64.234549
4.30228,3,64.241409
16.117127,5,64.255068
23.990051,16,64.290776
4.088157,4,64.300135
15.024291,6,64.314047
-4.823835,1,64.317774
-0.070897,2,64.322824
0.871513,3,64.330736
-6.184738,4,64.340295
12.63331,10,64.362197
32.528326,19,64.402338
9.551939,5,64.413294
16.080525,12,64.440291
4.979403,1,64.443945
12.983145,8,64.463064
11.296662,3,64.470717
-3.414945,4,64.480372
7.584115,4,64.490278
-0.99394,3,64.498158
1.014329,1,64.501241
-4.625502,3,64.508977
-1.989882,1,64.512439
-4.826461,1,64.515263
-0.858215,2,64.520681
1.874329,5,64.532462
5.450184,6,64.546178
-0.855574,3,64.553883
13.008136,15,64.586228
17.695534,15,64.618314
2.148654,6,64.632344
0.182298,3,64.639453
-5.183857,6,64.653079
-2.569668,3,64.660346
-3.834608,4,64.67091
9.963629,4,64.680517
27.52677,14,64.713791
-1.163968,4,64.723528
14.229481,9,64.743516
-3.046902,2,64.749746
6.752749,6,64.763521
-2.054694,3,64.770281
1.653552,4,64.779056
0.038427,3,64.786183
-0.775815,1,64.789352
6.269861,5,64.800867
-5.821146,2,64.806031
10.603482,4,64.814888
71.592204,29,64.874895
-7.11495,4,64.884719
-11.438405,3,64.891731
16.934435,8,64.909583
6.125644,3,64.916679
17.656454,11,64.941235
-1.215222,1,64.944312
19.199303,5,64.956239
11.490244,12,64.981244
32.373722,8,64.998453
-27.151885,7,65.013473
-9.351999,1,65.016915
14.718208,8,65.035712
29.757226,27,65.406788
13.456492,5,65.41767
14.995207,9,65.438514
42.034643,16,65.476087
30.237428,19,65.521962
2.772173,1,65.525606
6.823277,3,65.533635
14.333634,24,65.585401
52.83847,20,65.62821
-9.920599,2,65.633593
6.845954,7,65.648918
43.496677,11,65.673985
4.873577,9,65.694896
38.026293,14,65.725295
61.757727,22,65.773007
4.586828,7,65.789041
6.066867,5,65.800671
2.573385,1,65.803767
-0.168531,4,65.813648
8.489257,4,65.824075
0.373204,1,65.827508
8.445174,6,65.842486
16.193232,25,65.894052
41.031198,25,65.946187
17.271744,6,65.95875
2.851336,5,65.97059
21.806937,9,65.989881
1.458397,6,66.004555
1.003715,12,66.032397
22.810967,17,66.068679
8.78076,3,66.07624
-6.724049,2,66.081486
1.528525,15,66.113206
59.257547,20,66.155921
-4.434425,5,66.167588
21.463158,7,66.183604
-3.624325,13,66.210358
10.878154,3,66.217351
10.295609,6,66.230892
-3.166759,2,66.235964
1.170196,8,66.253689
49.765581,23,66.299253
7.146284,5,66.310536
-2.954441,1,66.314028
1.178764,2,66.318844
12.353672,10,66.343262
3.522692,2,66.348866
-6.714778,4,66.358786
5.708038,5,66.370587
7.601557,7,66.385467
25.370139,11,66.408734
18.069277,13,66.435064
40.409335,17,66.470379
3.208626,4,66.478988
-5.023991,3,66.485731
8.54119,12,66.511126
8.283512,13,66.537791
21.222366,13,66.565151
-3.328788,2,66.569916
-1.136459,3,66.576606
35.450545,18,66.613264
5.700522,2,66.618379
0.280916,1,66.621385
0.595495,2,66.626505
5.714743,6,66.640128
-7.98985,3,66.647637
-4.598502,2,66.652202
5.035497,13,66.679089
-2.341695,2,66.684737
24.393428,10,66.705036
8.529182,15,66.739613
-3.286042,1,66.742673
34.041229,16,66.776327
18.191815,6,66.789004
7.527686,3,66.795952
14.23617,8,66.81315
36.946666,26,66.866001
4.108688,4,66.874761
37.669333,20,66.915113
11.277521,20,66.956847
2.291781,5,66.968167
25.526331,11,66.989988
3.116226,3,66.996864
5.483603,4,67.006105
-3.282216,1,67.009554
-2.30251,1,67.012388
8.827202,2,67.017618
29.927035,13,67.044775
-10.0633,8,67.061285
51.506716,21,67.102486
4.252806,3,67.109372
32.609303,17,67.144794
27.993465,20,67.18575
37.920258,16,67.218877
119.384463,49,67.318386
7.390905,6,67.332189
12.492347,5,67.343749
2.067081,4,67.35259
-7.547771,10,67.37408
-5.036515,2,67.378913
0.862655,3,67.385714
-4.87693,2,67.390813
17.400599,6,67.403318
27.192484,13,67.429546
-0.46029,1,67.432946
27.722653,16,67.466596
22.370566,8,67.483316
16.138286,7,67.497736
2.405577,3,67.504714
11.08953,9,67.523903
-1.177516,1,67.527295
27.363212,17,67.561386
52.971062,32,67.625467
6.126654,5,67.636812
8.956192,6,67.64964
1.444392,3,67.656964
3.181102,4,67.666955
2.541869,5,67.678022
5.715699,11,67.70082
73.582827,33,67.770819
-0.898359,2,67.775625
12.786033,7,67.790577
3.981761,8,67.807724
-1.245586,6,67.820248
10.842618,15,67.850234
8.250727,3,67.857064
13.509678,9,67.876045
31.265291,14,67.903919
2.693149,5,67.914363
8.26059,5,67.925681
25.45909,8,67.942139
10.987112,6,67.955024
43.775451,16,67.986909
-5.29665,1,67.989561
11.13791,4,67.998334
11.60469,9,68.017526
-1.936026,1,68.021002
-0.66391,11,68.044448
10.119141,3,68.051349
41.35257,16,68.084098
-8.063852,5,68.094681
-4.787313,7,68.109145
10.282701,5,68.119958
30.338247,10,68.141307
1.130596,8,68.158
0.008832,3,68.165325
4.913366,2,68.170292
27.855444,10,68.190554
-1.520354,4,68.199378
-3.133742,6,68.212525
-0.266089,6,68.225713
0.376159,2,68.231234
-7.823929,2,68.236971
41.154596,13,68.26598
2.989302,2,68.271614
16.74163,10,68.292159
-1.785994,7,68.307061
14.631016,9,68.325578
10.196916,4,68.334816
0.965834,8,68.351513
19.175127,8,68.37039
2.82905,2,68.375422
9.288598,5,68.385792
15.983872,9,68.404436
6.742529,7,68.419003
-6.264014,4,68.427667
-2.982034,3,68.435215
-10.652816,8,68.870946
1.880474,4,68.880555
2.523342,1,68.883507
-0.035256,7,68.897971
8.697406,6,68.916392
-1.035947,9,68.945637
-1.258887,7,68.967136
27.709538,18,69.005653
3.036152,4,69.014906
-2.7724,2,69.020349
-4.237145,1,69.02349
-7.842614,1,69.027488
26.472301,15,69.059835
16.89739,11,69.083981
7.863613,6,69.097812
-8.002042,3,69.105636
23.942956,12,69.132574
50.575928,15,69.162408
48.782451,18,69.201492
11.193056,8,69.218096
2.853699,3,69.22549
64.632139,22,69.272559
-1.91253,1,69.275539
2.841196,9,69.294328
4.535096,5,69.306238
55.322782,31,69.36993
10.569807,7,69.384725
32.408606,13,69.410897
20.589603,15,69.441975
17.858848,8,69.459102
-0.91465,2,69.464651
15.834483,8,69.481905
11.420616,3,69.489213
35.259287,29,69.549961
35.315781,15,69.580748
8.142729,3,69.587603
18.502654,10,69.607464
2.824405,5,69.618709
-4.284138,1,69.621477
11.763791,6,69.634193
27.532436,8,69.650869
-7.21523,3,69.657536
29.569096,26,69.709613
57.91915,24,69.75756
35.74595,32,69.820691
24.474169,12,69.846478
14.777342,6,69.859744
4.457301,4,69.868634
5.559708,5,69.880523
-3.202653,7,69.89617
4.14768,4,69.905242
-9.93695,16,69.940113
53.59416,21,69.983694
38.175653,13,70.011351
-1.684451,5,70.022193
47.380394,28,70.082221
0.645674,2,70.087405
27.847107,10,70.109888
0.620343,4,70.119105
7.247111,3,70.126814
23.857078,9,70.147064
11.030798,15,70.179128
0.354529,1,70.181995
-9.18957,2,70.18709
52.552012,14,70.53685
5.505847,5,70.548681
14.787686,7,70.564226
-7.414694,7,70.580692
2.374954,3,70.588377
8.312598,6,70.602619
15.1571,10,70.624509
17.327312,5,70.63629
102.433139,31,70.702208
-7.792111,1,70.705339
28.42393,16,70.740231
11.855091,4,70.750075
-1.363515,2,70.755574
42.669762,19,70.798419
9.940766,4,70.807769
17.81964,7,70.823218
1.461767,8,70.841398
4.381056,2,70.846887
-0.312563,1,70.849828
18.003314,10,70.873759
26.836327,10,70.896631
-8.900614,1,70.900876
27.927195,21,70.946045
29.880858,8,70.965052
4.738422,2,70.970701
-1.305869,3,70.977732
6.214075,5,70.990478
23.577575,11,71.014024
0.409241,15,71.04696
5.868491,6,71.060919
21.501136,9,71.081296
0.703511,2,71.086423
43.710605,24,71.138965
-6.007888,1,71.14261
10.309183,10,71.166348
35.191034,13,71.197534
19.521019,15,71.231534
66.316679,23,71.283264
17.722619,9,71.304693
20.384537,13,71.333695
23.860144,17,71.370347
14.852039,7,71.385415
35.221931,27,71.440592
27.530621,9,71.459122
15.192957,10,71.479332
-2.828783,2,71.48509
-2.257303,3,71.492475
5.614452,9,71.511435
39.357918,30,71.57195
0.845212,7,71.587986
52.514886,24,71.638576
22.919512,17,71.674639
21.91281,9,71.693809
7.915726,2,71.698679
-8.554871,1,71.701386
-2.301137,1,71.704521
12.941838,9,71.722343
1.422719,2,71.727399
15.040775,6,71.739536
-2.141269,1,71.742254
16.087631,6,71.754393
3.173711,6,71.766324
0.290993,1,71.769196
-8.255003,3,71.775565
-0.832873,2,71.780577
41.661807,17,71.814461
3.098299,7,71.829781
11.225398,7,71.844307
14.374593,10,71.866578
10.570081,10,71.88838
12.17548,9,71.908644
7.101856,16,71.94486
34.06421,14,71.972727
-2.87825,1,71.976029
51.207246,27,72.031982
4.67315,3,72.039633
7.785742,5,72.050361
-4.826461,1,72.053501
0.623922,2,72.058538
33.621336,13,72.085624
44.450862,23,72.134002
35.014216,18,72.171568
0.15053,4,72.18061
36.83726,15,72.212278
2.373145,8,72.229429
28.302746,18,72.266053
11.109774,5,72.276393
-7.951919,2,72.282011
50.861535,18,72.319208
-5.523387,1,72.322904
-1.5527,1,72.326143
10.364936,7,72.341574
-5.483632,1,72.345097
2.282458,1,72.348469
28.548628,7,72.364465
13.389212,12,72.390855
42.450214,15,72.422506
-4.953293,1,72.425626
-1.069477,2,72.430938
1.367059,2,72.436302
45.989478,18,72.471725
39.57788,16,72.507736
5.132606,6,72.521779
12.957304,6,72.535334
7.779297,8,72.553829
43.170841,25,72.607449
-5.719791,1,72.610265
2.71444,7,72.625309
3.960085,3,72.633157
-1.657772,5,72.644295
-2.838426,3,72.651516
1.263785,1,72.654606
-1.432029,7,72.670105
-7.790668,4,72.678899
39.56019,17,72.717114
13.234468,7,72.733305
26.115109,7,72.749092
28.669917,17,72.784262
-5.174403,1,72.788131
45.04404,16,72.821914
11.604053,7,72.838179
-6.768402,2,72.843746
-5.673041,1,72.846406
0.768785,5,72.858061
-0.509336,4,72.866987
19.825791,13,72.894631
70.756677,25,72.946924
17.09654,10,72.967763
1.48349,2,72.972524
23.333774,19,73.013422
9.819313,7,73.028906
0.10415,2,73.034357
37.315754,23,73.081433
1.165684,2,73.08626
31.790743,23,73.131883
0.514531,2,73.1371
51.466306,19,73.174582
15.182952,6,73.187217
-2.004499,2,73.192724
9.734562,4,73.202004
4.65688,5,73.213023
32.160575,15,73.242911
19.473945,12,73.267319
-3.004713,2,73.272471
32.604649,11,73.296133
4.568355,4,73.3055
7.929343,5,73.316701
-7.937093,1,73.319793
19.235234,9,73.340668
-0.0445,9,73.360242
21.338648,9,73.380843
-2.299493,2,73.386277
29.327291,11,73.40981
-2.715908,2,73.414851
19.219603,8,73.432685
27.545041,6,73.446669
7.049151,6,73.459701
24.002139,12,73.483739
11.017363,6,73.496638
49.226548,20,73.540362
42.81434,23,74.100119
19.526667,9,74.121479
41.331733,21,74.165989
15.481151,14,74.197187
9.903507,5,74.209171
6.483683,3,74.21692
19.348922,12,74.244836
56.339012,25,74.296862
6.477755,2,74.302708
12.393942,6,74.315711
-5.554092,1,74.318645
12.587396,10,74.340089
39.881291,26,74.391479
24.408632,12,74.416832
36.862089,25,74.468947
12.89177,8,74.486376
3.916161,2,74.491499
15.288499,10,74.512834
28.126849,11,74.538307
4.957919,3,74.545901
28.806195,13,74.575172
-0.668059,3,74.582761
12.5719,6,74.596597
0.352574,2,74.601694
6.349042,2,74.60729
-11.337318,2,74.613005
-5.431887,3,74.620522
5.948358,4,74.630819
47.551101,18,74.667822
0.284959,4,74.676536
1.800392,3,74.684012
27.345284,12,74.710139
8.303937,10,74.732578
25.150724,9,74.753004
-0.170612,4,74.762278
62.250093,33,74.832842
9.471614,4,74.842708
45.260838,21,74.88913
32.36964,14,74.920514
6.70299,4,74.92937
37.119725,20,74.97314
16.054371,18,75.012313
47.153758,30,75.082824
8.548003,2,75.087564
1.275348,4,75.096944
7.903513,6,75.110355
19.206447,8,75.127695
-3.340805,2,75.133715
20.880429,10,75.155252
7.643398,5,75.166935
-2.558422,4,75.176124
-3.462297,1,75.179311
16.714468,13,75.208028
15.057906,8,75.226604
9.569968,6,75.241477
5.125385,2,75.246468
38.562634,18,75.286596
2.64395,7,75.303535
37.005404,28,75.361964
4.354782,4,75.37107
-2.455835,1,75.374291
20.878524,11,75.397554
4.26854,8,75.414628
10.728924,11,75.439881
21.136103,7,75.45559
39.981606,13,75.486787
3.249476,4,75.49698
26.747637,18,75.53723
8.499087,4,75.546441
10.811932,4,75.555588
-3.555727,5,75.877425
55.45007,21,75.925174
44.61333,14,75.957352
99.570092,50,76.069433
36.193808,12,76.096148
83.117774,28,76.159439
11.382283,6,76.17395
2.437233,4,76.183234
20.778763,12,76.21135
11.015998,16,76.250057
14.078715,9,76.271099
-5.237731,1,76.273998
17.927922,7,76.290946
9.751466,4,76.300849
16.925854,7,76.318517
20.068311,16,76.355212
10.219175,8,76.373839
41.680103,16,76.409492
35.883449,17,76.448491
-7.871855,1,76.451813
2.957502,3,76.459081
0.887198,3,76.466719
10.467628,6,76.480926
16.815064,7,76.49759
7.59968,12,76.524821
5.26534,6,76.538538
0.531056,3,76.545183
18.576932,10,76.566952
14.111718,6,76.579527
-2.109888,3,76.586811
14.466097,17,76.624123
90.530941,29,76.685705
-8.114681,1,76.688992
11.846558,6,76.702581
17.014102,13,76.730383
-6.947933,1,76.733656
69.949097,35,76.808038
19.315009,14,76.839389
8.83863,12,76.86708
9.896581,7,76.883119
0.646978,2,76.888354
18.747152,10,76.91066
-1.58931,4,76.92021
36.474418,14,76.95328
33.1873,11,76.978329
0.280115,6,76.994148
22.552596,13,77.022386
-4.268463,3,77.030378
92.130333,49,77.132359
15.071743,9,77.153457
-2.928088,1,77.156883
-2.240971,2,77.162071
1.647725,3,77.169931
6.740387,4,77.17997
29.245102,12,77.208152
29.741307,11,77.235384
64.029172,24,77.288081
-2.068803,2,77.293103
-6.033438,1,77.29701
46.699905,16,77.332912
21.261166,9,77.354058
14.009819,5,77.366671
4.246582,4,77.375658
1.74678,1,77.378882
20.310961,7,77.395167
3.240314,3,77.402064
4.002233,4,77.411003
21.285839,8,77.430135
-8.293285,1,77.433179
2.042409,1,77.436641
8.005857,4,77.446082
2.353091,4,77.456675
17.118707,9,77.477469
49.943698,27,77.533515
-0.771869,2,77.539582
25.686585,23,77.59038
12.26764,16,77.627361
72.059499,22,77.675242
11.516604,9,77.6966
-0.390275,2,77.702241
3.343836,4,77.712192
-7.922862,1,77.715152
76.077507,37,77.790672
0.973751,1,77.793405
31.456465,17,77.828622
-1.145895,1,77.832624
98.335074,40,77.910265
4.057998,4,77.919599
8.93098,4,77.929391
30.511242,21,77.9722
11.725574,5,77.98351
26.201522,9,78.00164
6.291365,6,78.018698
-2.405404,6,78.032964
-4.831174,2,78.038702
2.776787,1,78.041626
6.843023,11,78.063492
9.166891,4,78.072371
-8.874096,1,78.075273
26.221045,10,78.095305
3.66384,4,78.103767
24.340055,16,78.137751
3.020068,1,78.140545
3.474305,2,78.145544
30.095486,14,78.173417
16.496137,12,78.196884
25.981034,17,78.230934
17.323904,8,78.248476
13.690835,6,78.261224
29.010191,21,78.301548
-1.231359,1,78.304582
7.289447,4,78.313356
2.30486,3,78.320433
1.989503,5,78.333109
28.844934,8,78.350566
31.479927,14,78.378578
-4.999135,1,78.381345
-0.524542,2,78.38629
5.412677,8,78.402724
-5.772997,6,78.415764
-6.84367,3,78.423306
-3.164405,1,78.427539
19.864733,9,78.445931
57.021769,17,78.479171
85.248044,34,78.54698
33.355323,12,78.570766
0.239094,4,78.580801
-0.913031,12,78.604749
11.320896,5,78.615826
23.497757,15,78.645672
-0.527247,2,78.650848
47.395595,26,78.700365
58.728839,20,78.740406
36.473325,19,78.776345
5.042876,4,78.784753
1.345215,4,79.193644
25.165042,11,79.216477
35.837691,24,79.269451
11.03859,5,79.281254
-5.943256,6,79.295123
17.336069,18,79.333631
11.159622,11,79.357861
-0.445707,3,79.36498
4.779441,5,79.375768
69.085477,23,79.423696
28.813196,11,79.447706
11.348692,6,79.460012
2.507935,3,79.466733
30.126083,9,79.485197
3.633342,2,79.49041
-3.338772,1,79.493282
21.081722,19,79.534751
3.045576,3,79.542211
-5.301479,6,79.55479
5.375529,5,79.566178
19.084483,19,79.604702
27.295049,10,79.62624
76.941235,28,79.693854
-5.356081,1,79.698239
36.036882,20,79.746707
1.706843,2,79.752051
27.734932,10,79.775094
54.415062,28,79.843737
-1.448599,1,79.847154
7.643744,6,79.863019
-1.171866,3,79.871443
-4.668274,1,79.874372
111.123769,44,79.980019
41.963724,14,80.012981
-6.807843,2,80.018348
23.625063,7,80.035234
1.797381,7,80.05093
14.273837,9,80.071088
4.738544,3,80.078945
1.617179,2,80.084061
3.167749,8,80.104906
-5.788358,1,80.108436
7.473422,3,80.115662
26.557082,11,80.142127
3.819918,3,80.150051
22.454245,11,80.173433
13.593433,3,80.180398
19.158863,12,80.20635
9.479264,4,80.215249
134.166364,50,80.318705
5.921519,5,80.33165
40.372823,15,80.363745
3.038042,5,80.374173
35.537709,17,80.409134
2.692829,3,80.415812
30.624048,21,80.462438
-0.971981,2,80.468407
1.709896,1,80.47153
-2.296492,3,80.479588
29.564208,11,80.506392
2.682728,9,80.526503
6.909196,8,80.545374
3.971724,3,80.55228
-4.539505,2,80.557456
-5.492717,1,80.560552
23.252191,12,80.586083
9.264285,5,80.596444
9.973225,9,80.615072
3.417355,3,80.62203
-5.595476,4,80.631871
40.003307,19,80.671703
14.490608,4,80.680655
-5.102323,1,80.683958
21.217908,13,80.710436
9.51815,10,80.731912
46.296637,28,80.786307
116.885855,50,81.259734
-0.806892,4,81.268618
40.134409,15,81.300009
7.003373,5,81.311312
47.957765,26,81.366668
29.276849,11,81.388446
14.94831,6,81.400707
21.599354,11,81.424136
0.436885,1,81.42714
36.484423,16,81.462026
5.678195,4,81.471116
21.545781,8,81.488121
11.889982,4,81.497125
1.29123,7,81.512171
46.939503,19,81.551674
22.26395,11,81.575478
11.313814,15,81.607736
29.699532,11,81.63062
25.950246,10,81.653461
5.418235,6,81.666307
-4.77334,1,81.669366
30.20539,14,81.699372
29.698912,15,81.733021
28.956033,18,81.772323
29.356241,12,81.798527
9.905802,13,81.826551
-3.68841,1,81.8297
19.778817,8,81.848558
38.772331,21,81.894225
2.716185,9,81.914645
22.551997,13,81.945767
86.22316,32,82.015491
27.354474,11,82.04111
49.553309,17,82.079654
29.100559,13,82.111537
-6.608467,2,82.117225
40.2464,18,82.161554
56.952649,18,82.203431
7.600144,9,82.224771
-7.430744,2,82.230899
6.738559,4,82.240475
-4.410568,4,82.251648
35.558294,18,82.289184
21.729462,20,82.331969
2.79487,1,82.335565
-2.19452,1,82.339085
1.565239,8,82.357214
5.879167,6,82.372065
6.327509,18,82.411214
42.430932,21,82.456046
15.402601,8,82.473946
14.862123,13,82.501437
31.958677,11,82.524845
6.045919,6,82.539814
3.576654,2,82.544963
6.860709,9,82.565004
13.20402,5,82.576621
21.867488,12,82.601566
1.239307,5,82.613396
29.15731,8,82.63458
27.815145,12,82.661143
7.100616,5,82.674566
6.24298,4,82.684751
47.269831,29,82.750321
-2.457579,3,82.757801
10.908403,7,82.774913
24.038138,12,82.802011
52.152591,26,82.863822
4.575758,3,82.872662
27.164602,10,82.89565
44.447136,19,82.938721
51.046683,22,82.987362
3.76864,3,82.995026
50.421275,20,83.039699
16.245738,10,83.062511
43.018998,14,83.092086
-5.719791,1,83.095688
14.217962,8,83.114308
1.524283,3,83.121857
-5.719791,1,83.125379
56.361897,23,83.176601
1.102282,2,83.182282
-5.41663,1,83.185523
82.500016,33,83.256869
39.302959,14,83.286721
-4.475406,2,83.294343
7.470856,3,83.302088
3.756929,9,83.324504
29.608883,18,83.367962
31.60614,17,83.407684
15.04499,6,83.421575
22.551363,8,83.440513
112.373972,48,83.54643
9.672174,4,83.555893
61.939005,26,83.613162
3.995112,3,83.620586
47.080751,28,83.684169
32.381697,14,83.714511
9.679217,10,83.737311
32.237817,12,83.763224
-3.81622,4,83.7719
21.811717,8,83.789112
25.137953,10,83.810886
7.726833,12,83.837074
-3.14419,8,83.856592
48.260517,27,83.916902
-3.319887,5,83.930093
13.730974,5,83.942378
20.189809,9,83.962613
-4.255787,2,83.967538
0.054128,2,83.972732
-2.749461,3,83.979697
87.669617,35,84.462729
20.048084,16,84.496198
4.302378,2,84.500904
15.154057,10,84.5265
7.408806,5,84.538104
19.939629,8,84.555762
3.102337,3,84.563236
63.908223,22,84.610584
64.564123,33,84.679168
13.501533,9,84.69881
-0.084355,3,84.706682
4.100634,3,84.714247
-10.27618,2,84.719538
6.391537,7,84.735602
-4.842961,1,84.739238
-3.517574,1,84.742921
6.286979,3,84.750503
29.702647,16,84.783295
5.861265,11,84.806301
0.786632,3,84.813423
13.564382,5,84.825417
2.560775,2,84.830826
52.905549,25,84.883396
18.47962,14,84.913455
9.708714,6,84.926833
5.219835,5,84.938275
64.647922,27,84.994945
55.322996,21,85.039458
43.945111,18,85.077589
-5.96338,4,85.087243
15.262126,12,85.111254
9.588179,6,85.124179
93.188067,42,85.212236
30.484552,12,85.23788
18.985199,8,85.256016
17.009199,15,85.287875
76.982659,40,85.374061
26.034555,18,85.411493
4.524209,3,85.418614
32.456806,18,85.457107
12.245982,6,85.470349
79.538905,36,85.54586
-1.335949,11,85.569832
-3.67621,1,85.573603
4.306898,3,85.58095
10.658042,6,85.593612
44.735578,22,85.639534
10.876344,19,85.686548
54.78879,25,85.747151
-1.474341,1,85.750438
3.758024,2,85.756992
-3.92375,4,85.768393
13.688758,5,85.78271
-4.969911,2,85.789648
23.649228,15,85.825302
0.189183,6,85.840276
27.150971,10,85.866015
95.297556,44,85.968661
-4.826461,1,85.971714
19.000594,13,86.004408
-2.573263,2,86.010147
38.918902,17,86.047136
-2.769755,1,86.050133
38.018442,16,86.084003
13.321335,5,86.095231
19.93737,10,86.116468
12.347862,11,86.14064
1.877271,3,86.148371
23.654989,17,86.503143
1.625425,3,86.510455
51.019525,19,86.551569
31.981731,11,86.575289
30.732055,19,86.614803
95.697523,37,86.69461
40.331857,19,86.734056
55.090886,26,86.787565
1.174011,3,86.794614
6.304846,4,86.803248
14.350017,8,86.820501
11.636604,5,86.832321
58.637895,29,86.892468
13.262518,21,86.934471
19.084209,8,86.950695
24.704367,11,86.973467
76.355965,39,87.052252
63.720155,23,87.099208
43.958088,23,87.146499
-5.953368,1,87.149518
-2.929038,1,87.152373
29.657244,11,87.175255
0.872655,2,87.180143
23.284345,8,87.197924
-2.872218,2,87.20345
11.834207,7,87.219103
31.694637,13,87.248167
21.835941,7,87.263412
50.133956,24,87.312751
65.822452,26,87.366011
19.625838,12,87.391265
22.946546,13,87.417036
8.892412,6,87.429288
122.950809,50,87.532056
32.178629,16,87.567858
5.879671,4,87.578288
21.632562,11,87.602352
67.254189,27,87.661081
81.289194,31,87.72558
58.470398,28,87.788349
8.531397,7,87.805588
37.189116,25,87.859998
119.795104,40,87.945761
-0.439368,2,87.950401
25.214518,16,87.983497
18.068933,10,88.004629
26.096405,9,88.024043
54.882707,25,88.078282
-0.545719,4,88.087126
3.592101,3,88.094196
62.145839,20,88.1365
24.181596,12,88.16389
-3.185551,1,88.167457
8.222386,3,88.17503
-5.709227,2,88.180235
57.783096,19,88.221396
30.955958,12,88.24725
59.614918,23,88.300136
9.784825,7,88.315041
-3.533844,3,88.322315
12.356433,5,88.334217
60.713762,36,88.407822
40.623322,23,88.457006
79.848612,32,88.524068
8.715468,5,88.536365
28.490268,17,88.572764
9.230284,6,88.587902
3.164127,4,88.598389
6.572534,4,88.607851
93.052931,35,88.681811
21.939438,12,88.706354
1.45386,3,88.713344
5.658504,7,88.728748
63.91657,29,88.790191
11.86569,7,88.804957
89.151808,40,88.893707
0.881811,1,88.897385
9.526007,5,88.908542
8.819496,12,88.935255
26.29127,12,88.960536
63.23375,18,88.997894
52.10666,30,89.059464
-6.476663,4,89.069073
-5.384124,3,89.076145
16.008699,6,89.088939
13.075351,5,89.100874
3.728828,1,89.10476
25.067596,12,89.1302
32.492194,11,89.578171
-1.641941,2,89.583725
44.51245,16,89.620744
8.859348,7,89.63832
27.550601,12,89.667099
72.707232,23,89.722989
6.208638,3,89.730736
25.349454,9,89.752166
2.857434,8,89.772468
9.365267,5,89.785453
2.849635,2,89.791597
102.532242,33,89.871374
44.419887,16,89.910529
63.877579,26,89.971735
29.867599,15,90.004312
78.242252,32,90.068564
50.853814,19,90.109929
3.31491,3,90.117489
19.249481,10,90.141196
2.020657,4,90.151426
19.257935,8,90.169213
37.616411,12,90.195988
3.515927,2,90.201855
26.860554,18,90.238623
17.435743,9,90.257324
12.150771,7,90.272442
20.549537,16,90.306638
5.1346,2,90.311773
-5.036754,3,90.318987
119.474677,42,90.407536
7.386539,9,90.427414
16.487547,9,90.447701
22.21616,11,90.470973
89.123251,50,90.579278
73.579347,31,90.648278
13.090468,13,90.677029
66.048568,25,90.733653
65.783593,27,90.790448
43.931155,21,90.834268
2.766567,2,90.839871
-2.181247,4,90.8489
4.612805,4,90.858042
9.561618,7,90.873603
10.344844,10,90.894767
-2.002046,1,90.897486
19.314716,9,90.916964
13.294721,9,90.936188
98.458737,40,91.015869
88.811709,33,91.084043
42.442702,19,91.1243
20.004975,12,91.149918
-1.396227,5,91.160192
6.313357,4,91.169135
26.781493,9,91.188635
28.061341,19,91.227091
5.455318,3,91.234655
4.038989,7,91.25059
61.608091,31,91.317094
8.794953,2,91.322234
6.744372,9,91.341462
18.464608,8,91.69891
0.1672,3,91.707387
59.012963,30,91.775694
8.565188,8,91.795876
34.010703,16,91.831933
4.459838,4,91.84148
11.796596,7,91.858679
9.016662,3,91.866251
15.054735,10,91.888307
27.498409,19,91.931289
1.795004,2,91.937342
1.856655,4,91.947604
31.922681,13,91.975702
30.861253,12,92.002114
72.9235,44,92.096671
-0.698333,1,92.101067
-3.006085,1,92.104287
4.769483,1,92.10821
92.557818,43,92.205122
113.200604,41,92.296643
42.688926,21,92.34541
0.692164,3,92.352769
16.434756,9,92.373673
7.501311,6,92.387278
26.688275,15,92.423676
-2.191424,2,92.430131
6.766695,5,92.443645
3.924891,1,92.447523
62.996353,34,92.524205
6.412612,3,92.531779
72.280102,38,92.610426
58.701643,27,92.670975
8.947894,9,92.692276
33.39169,13,92.721725
15.690389,11,92.74952
12.908474,9,92.770279
137.162606,50,92.882062
36.698541,23,92.93137
76.449965,50,93.036402
99.194009,50,93.144172
46.936356,18,93.184107
16.457825,15,93.21578
-4.986029,4,93.225857
46.757079,21,93.270948
28.833149,13,93.299391
132.973306,50,93.406837
43.159052,21,93.454915
82.863622,34,93.525808
34.410064,19,93.566062
-3.839468,2,93.571724
12.381488,4,93.583852
1.025805,3,93.591469
13.492427,14,93.624897
23.003676,9,93.648728
29.921846,8,93.669019
79.710124,32,93.74819
86.990253,31,93.820282
20.815061,18,93.866272
23.988475,19,93.914987
11.745781,7,93.933818
8.09811,7,93.951385
22.450598,9,93.972208
22.702972,11,93.998933
61.800817,27,94.056642
29.284145,16,94.089806
72.585771,23,94.139941
24.107993,10,94.161262
16.710959,7,94.176319
37.172887,16,94.211999
2.352317,6,94.226081
12.738229,15,94.258945
113.843822,50,94.364077
56.039909,23,94.855699
49.950514,25,94.918466
9.420745,17,94.957833
-3.06453,7,94.975733
92.473523,35,95.055672
6.268153,5,95.066908
10.735337,6,95.081471
16.899915,10,95.105242
42.232679,19,95.146853
24.949403,12,95.173489
2.889475,4,95.182824
32.972212,15,95.214503
-5.719791,1,95.217784
140.343475,50,95.324571
-0.557953,2,95.330418
14.637164,13,95.359361
100.573816,37,95.438747
76.734464,50,95.549469
8.169897,9,95.569353
-0.651149,3,95.576465
7.089462,6,95.589908
-2.147084,1,95.592706
55.109437,30,95.656312
38.388065,26,95.710865
40.453995,29,95.775934
26.771586,13,95.805742
-1.440873,4,95.81518
2.334898,4,95.82461
13.431142,5,95.836594
8.909074,10,95.858607
22.133282,6,95.872097
24.264005,21,95.917554
15.39229,11,95.943155
14.055832,5,95.954395
19.328425,11,95.97828
63.049942,28,96.037705
21.866604,16,96.071793
37.549613,20,96.114858
75.423762,40,96.196792
20.204097,10,96.21869
42.482506,17,96.255692
-5.317376,1,96.258656
38.132786,30,96.318547
27.433165,18,96.356047
-1.963089,2,96.361481
27.932232,16,96.394433
-2.912576,1,96.397514
31.504339,15,96.431028
19.28024,11,96.453924
14.872753,8,96.471788
-0.423118,3,96.478931
75.75695,44,96.576503
15.886796,9,96.595517
55.694796,24,96.646368
-1.935817,2,96.651643
-2.028628,6,96.665311
3.250759,5,96.676196
88.636384,49,97.139483
36.186993,11,97.1649
4.743747,5,97.176661
21.965531,17,97.216617
137.284182,42,97.306694
32.712727,20,97.348082
-0.945438,2,97.3535
54.097968,21,97.40113
19.030136,8,97.417952
23.568647,16,97.45333
-8.416104,2,97.459326
1.022306,3,97.466968
43.662482,26,97.520728
-1.756461,2,97.526628
-0.199905,1,97.530095
12.393029,8,97.550575
5.972345,3,97.558005
5.464548,3,97.565293
-8.54822,2,97.570604
31.717653,13,97.597908
0.280909,9,97.618176
20.786538,10,97.641737
12.812948,19,97.682849
7.947453,8,97.702626
-9.868214,1,97.706526
33.969774,8,97.724645
1.523011,3,97.732974
58.352723,23,97.782192
111.987327,50,97.889522
28.203396,12,97.915697
-1.446663,5,97.926676
28.225507,12,97.953969
99.13139,35,98.027212
1.800366,6,98.041378
82.26524,49,98.141092
20.475717,15,98.17301
40.935466,37,98.251372
4.074833,4,98.261112
33.580684,19,98.300091
91.963889,36,98.376679
59.903474,34,98.449002
33.858855,14,98.479972
1.704761,2,98.485579
3.242232,7,98.500999
64.95797,38,98.584794
99.390073,43,98.689089
31.627764,8,98.708181
65.637416,32,98.778239
100.408841,50,98.883936
56.597895,23,98.934663
65.950261,22,98.980319
129.556358,50,99.085061
113.320984,50,99.185867
8.559655,12,99.210655
-4.34327,4,99.219629
4.896244,9,99.239075
51.911757,21,99.281833
41.425909,16,99.314941
-5.023626,1,99.31805
-4.637472,2,99.32419
29.226126,11,99.347874
87.920167,33,99.414191
-3.775532,1,99.416916
14.40859,6,99.430358
35.128598,28,99.486531
45.282762,17,99.520257
21.052596,10,99.962904
33.14961,13,99.988925
32.243467,15,100.019909
20.048026,17,100.054682
-4.96359,1,100.058413
3.616819,1,100.061156
16.968528,9,100.079891
81.465136,40,100.159525
96.265854,33,100.226745
-5.413687,2,100.232501
43.241972,16,100.26517
1.230862,13,100.291625
34.876867,15,100.3227
26.520468,10,100.344229
-2.616996,1,100.347363
8.201023,10,100.367712
67.876185,35,100.436507
10.044993,8,100.454061
50.34576,19,100.495364
16.241527,11,100.518458
13.414212,3,100.526172
95.310455,37,100.602138
28.255873,15,100.633653
30.986621,14,100.664303
50.886564,20,100.706543
126.891279,50,100.811969
12.369923,8,100.83041
2.538581,7,100.845723
14.354009,8,100.863326
13.360674,8,100.879852
-1.713118,1,100.882889
12.91495,7,100.897788
22.970319,11,100.920337
-5.273467,1,100.923491
66.794566,31,100.987557
3.310032,6,100.999884
3.880207,11,101.024266
135.846375,50,101.127183
-1.862755,2,101.13339
48.029004,27,101.188251
5.434841,9,101.208275
80.945328,43,101.29946
8.533659,3,101.306177
7.25581,7,101.320716
21.554732,10,101.342465
61.426747,35,101.410283
-4.889429,1,101.413213
37.742575,19,101.453338
-5.719791,1,101.456058
47.173617,16,101.488177
101.941633,42,101.572331
7.503268,10,101.592401
38.718587,17,101.627555
10.665411,12,101.653785
28.588377,13,101.679464
-3.688994,5,101.690676
-3.524412,9,101.709676
98.537197,36,101.784844
95.00932,44,102.212663
26.004182,11,102.237118
66.323257,23,102.283193
32.915925,11,102.305594
20.390644,13,102.333315
30.655895,14,102.362708
44.110184,18,102.398843
13.691088,5,102.409872
31.113042,17,102.446486
19.911555,12,102.470818
41.167214,26,102.52223
99.333555,31,102.5866
31.792867,18,102.623415
98.161791,50,102.724478
40.972559,16,102.758488
44.109232,17,102.792411
-9.954071,6,102.805654
6.860595,2,102.810243
24.292867,15,102.841895
29.390575,14,102.870761
0.129632,3,102.877725
-1.636863,1,102.880787
83.882709,35,102.95289
92.991531,33,103.019853
4.415089,3,103.027382
12.32994,7,103.042855
33.777967,23,103.090431
-4.826461,1,103.093406
72.27191,34,103.163067
58.185342,23,103.210294
4.713214,1,103.213282
28.998907,12,103.241629
10.119704,13,103.268296
47.07216,20,103.308942
112.443375,50,103.412149
50.011286,21,103.456225
2.09747,2,103.460974
64.894987,26,103.512117
62.220398,27,103.568787
-1.879652,3,103.575626
0.186142,3,103.582494
41.808352,23,103.628611
23.137232,10,103.651361
51.431449,24,103.703052
55.614171,27,103.759849
-4.190249,2,103.7654
82.987321,44,103.853907
17.607394,6,103.8677
123.682871,50,103.970617
-2.381273,3,103.978009
31.709473,19,104.019456
25.512317,13,104.047849
-4.874482,1,104.050969
50.565998,34,104.123541
23.253755,10,104.144921
124.220637,50,104.247461
-1.484869,2,104.252624
70.763394,31,104.313897
29.642783,13,104.341207
27.157587,17,104.375233
5.448194,10,104.395903
10.968976,7,104.410396
10.945731,3,104.417081
128.283331,50,104.920277
100.293559,39,105.000438
2.045231,4,105.009159
-0.674914,4,105.018127
-1.875239,1,105.021032
31.58569,9,105.040908
31.546413,13,105.068107
61.988269,28,105.12449
75.633434,33,105.194077
75.103078,37,105.270894
30.647291,18,105.307203
6.103391,5,105.317843
8.476448,3,105.325758
50.923973,24,105.379061
11.134706,5,105.390188
22.40451,8,105.407496
42.650301,14,105.437515
78.044935,26,105.496046
88.902967,44,105.590293
89.384558,40,105.679878
-1.540537,7,105.695721
42.163331,27,105.75271
2.622871,2,105.758025
1.443276,2,105.76344
0.957081,2,105.769332
-6.635254,1,105.772373
146.524379,50,105.877
14.581736,11,105.902701
22.063657,26,105.956668
-4.764231,1,105.959508
106.862889,40,106.040466
-4.656544,3,106.047479
0.425421,8,106.065027
0.039629,1,106.067959
46.005738,19,106.10588
13.838082,8,106.123043
-5.378991,1,106.126878
50.628072,40,106.209157
9.757087,8,106.226408
-0.657629,3,106.234258
-2.578334,3,106.241277
149.432197,50,106.341068
29.024771,17,106.376631
95.493083,47,106.470118
-1.198931,3,106.477356
-3.756589,1,106.48042
68.950169,33,106.549843
7.140889,11,106.575357
17.239187,10,106.597364
58.125917,24,106.647872
109.216659,50,106.749912
12.393208,5,106.761545
18.238576,7,106.776535
80.473146,35,106.846824
11.135847,8,106.864479
2.75066,3,106.87147
26.940664,9,107.200115
35.016749,19,107.241864
33.96653,18,107.282794
64.323104,32,107.352039
52.698355,26,107.405463
-8.442797,3,107.412228
26.745234,19,107.454501
0.760041,3,107.462057
96.452331,38,107.541444
95.977443,41,107.629599
-0.804146,4,107.639655
1.562524,3,107.647882
33.997696,19,107.712306
117.128333,50,107.882488
112.440552,44,107.984187
66.791725,31,108.056602
91.105103,32,108.125478
111.95376,50,108.228162
0.083798,1,108.231771
66.264119,23,108.280125
4.735042,5,108.290838
87.715207,40,108.377503
50.015776,26,108.434677
11.692649,5,108.446986
44.890133,16,108.481144
5.447726,8,108.498261
103.124379,46,108.600881
35.009466,17,108.63972
54.993017,26,108.704421
23.177847,7,108.722725
28.118671,19,108.768739
111.578849,49,108.897205
50.865069,14,108.928805
15.447472,10,108.954576
1.430824,5,108.968052
55.684772,31,109.036228
1.894439,2,109.041511
119.031839,50,109.148039
52.074892,22,109.195662
12.105025,6,109.210146
22.822122,12,109.236659
18.102865,6,109.250187
37.748825,24,109.301064
129.95927,50,109.404933
-0.275143,4,109.414098
23.386398,11,109.438128
38.484825,26,109.493484
12.653027,8,109.511028
3.897045,6,109.525484
-0.026104,3,109.534048
0.973799,4,109.543483
27.715565,12,109.570168
124.625718,50,110.096913
6.050328,3,110.104819
36.175907,21,110.148684
0.764608,3,110.155962
91.552915,42,110.244639
71.011979,32,110.313699
23.224483,12,110.340136
5.276452,6,110.353416
125.43274,46,110.449138
23.1525,13,110.476218
59.721794,26,110.536309
104.408021,50,110.644341
35.629124,22,110.69011
14.670114,9,110.709497
29.930461,18,110.748827
-3.761207,7,110.76509
5.029633,6,110.779292
132.227938,50,110.888076
-2.030019,3,110.896346
10.607214,9,110.917283
62.261789,31,110.985246
28.308672,13,111.016665
55.061085,28,111.082596
74.941408,26,111.140584
59.48585,23,111.193244
104.161922,50,111.300957
31.205422,13,111.33276
10.647971,7,111.349333
10.951257,7,111.367193
58.895329,26,111.426625
108.115991,50,111.542649
13.98631,10,111.566854
140.362928,50,111.677883
8.928787,9,111.699581
17.674898,5,111.710609
53.158119,32,111.781937
61.1851,20,111.825415
0.3338,4,111.835561
2.013126,2,111.841353
54.086022,19,111.882784
47.464859,33,111.958408
15.673279,15,111.993142
-6.429666,2,111.998791
-4.293828,4,112.008143
14.250791,8,112.027021
20.579642,14,112.057438
32.760615,14,112.088616
8.159931,6,112.102011
-8.421181,2,112.107416
-4.22043,1,112.110466
124.689332,50,112.220029
17.399577,10,112.242395
25.074603,8,112.664545
131.116024,50,112.772147
48.629552,29,112.832419
4.899667,5,112.843987
26.520547,15,112.874312
107.384454,50,112.977478
86.976529,38,113.055032
122.259404,44,113.14348
62.991324,30,113.205077
90.028327,29,113.265299
27.338658,20,113.3059
113.106485,50,113.406183
117.989075,50,113.503116
0.107786,2,113.508314
41.62888,26,113.574027
36.391299,15,113.615201
133.43532,50,113.714723
28.885325,15,113.74677
-1.349947,1,113.749597
104.58231,50,113.851282
0.759438,5,113.86287
39.456723,18,113.90064
20.044863,19,113.940854
46.14427,30,114.004024
94.430126,50,114.108664
18.307954,8,114.127092
99.058037,44,114.219831
13.67823,11,114.242942
27.845302,21,114.284732
97.498822,38,114.361583
-10.099067,1,114.364585
54.755273,35,114.440222
85.583563,41,114.525342
40.600482,26,114.576947
10.064702,7,114.59234
35.55709,15,114.623938
24.452965,14,114.655035
2.827307,8,114.672219
54.483491,19,114.711506
122.528246,50,115.222151
122.254284,38,115.30176
112.393305,50,115.403259
-1.422155,9,115.4222
13.753982,10,115.444644
4.811219,9,115.4635
-3.380173,2,115.468485
72.746789,44,115.563078
29.844697,16,115.595322
-1.990691,1,115.598686
14.899595,6,115.612608
38.215959,14,115.641647
11.53194,10,115.66141
75.734571,33,115.730326
15.822532,6,115.743694
40.379257,30,115.805925
8.434605,7,115.821365
17.595332,7,115.837703
-7.365996,1,115.841242
7.982228,6,115.854433
28.383625,9,115.872944
24.077063,26,115.927404
4.10042,13,115.955049
113.611461,45,116.049187
2.830152,2,116.053962
68.519664,36,116.126581
134.372004,50,116.226377
4.910073,7,116.243215
16.53779,8,116.260151
28.365381,16,116.291963
-4.826461,1,116.294718
7.557371,9,116.314165
27.355218,15,116.34469
108.955048,50,116.443979
11.014419,3,116.451185
19.590301,12,116.475516
32.926933,18,116.511417
-8.345999,1,116.514914
53.253062,34,116.585076
30.347102,27,116.644537
126.240893,50,116.763817
126.816669,50,116.883575
34.759271,15,116.91965
65.041283,38,117.008749
103.821857,50,117.112417
6.086813,3,117.120357
-1.177194,1,117.124525
88.579971,30,117.189631
27.605806,13,117.221049
-10.203366,1,117.224243
-4.810226,2,117.230349
7.690762,11,117.253554
33.374943,14,117.283457
27.271897,23,117.330833
-4.847268,2,117.335906
14.088666,4,117.344666
11.463882,7,117.360981
50.326142,22,117.735706
17.165127,15,117.773069
65.25956,29,117.846576
10.42015,13,117.879444
95.480952,34,117.955682
11.496188,10,117.979575
55.075963,19,118.024658
18.028843,9,118.044846
3.507425,6,118.057725
50.091603,24,118.110821
85.503168,38,118.189718
50.544023,25,118.243536
106.448427,50,118.348602
26.397151,18,118.384409
135.693608,50,118.492653
12.734886,6,118.507777
24.315522,9,118.529567
0.472253,4,118.539225
33.441724,17,118.575608
44.110297,15,118.609436
8.463136,7,118.624504
10.388766,5,118.636038
138.13575,50,118.742333
41.151926,21,118.787633
29.141772,12,118.813545
-4.139479,1,118.817155
34.000155,23,118.87019
74.007141,35,118.945972
23.339373,13,118.97366
9.361637,10,118.994694
32.273916,12,119.021555
22.903401,15,119.055875
17.831942,12,119.083694
91.671427,36,119.163928
70.263281,27,119.220001
113.283761,50,119.324214
0.990288,2,119.331467
16.564773,5,119.343755
36.916091,15,119.375205
18.529291,13,119.403585
106.280504,50,119.532954
1.77827,4,119.543556
98.929045,50,119.652683
11.187402,5,119.664622
34.596367,17,119.703894
53.578013,24,119.755852
3.071241,8,119.773683
26.732998,14,119.804892
-4.828194,1,119.808393
-1.14949,4,119.81767
9.62323,3,119.825191
1.414241,7,119.843933
99.372525,37,120.35701
24.571061,11,120.380689
34.756154,13,120.408659
20.660542,21,120.45422
53.057321,25,120.510498
28.266195,11,120.535749
107.327966,42,120.625074
4.387673,6,120.639122
18.151346,12,120.666107
-3.676306,1,120.66969
119.942807,50,120.774213
46.880633,22,120.821385
102.259633,47,120.929017
36.579233,24,120.980074
6.824099,5,120.991151
27.757296,14,121.020657
41.296387,24,121.071509
-5.474015,3,121.079087
-8.314717,1,121.082018
63.089409,34,121.153732
17.684893,10,121.177216
48.102197,19,121.217411
22.924102,8,121.238269
119.071851,50,121.347199
55.657449,24,121.399252
127.516613,50,121.508079
33.875563,13,121.537064
12.72065,10,121.55869
-5.341942,4,121.567718
1.053228,6,121.581614
131.969566,48,121.683974
62.069431,22,121.732678
117.966335,50,121.835386
20.967941,8,121.852359
42.255405,15,121.882778
-4.078954,5,121.893287
10.544729,6,121.906424
91.410566,39,121.984458
110.10574,50,122.087946
84.637108,34,122.155735
81.748826,34,122.224015
36.188655,24,122.274139
96.276063,39,122.35313
8.499831,10,122.374272
30.958308,22,122.41762
26.450824,14,122.446723
5.594682,5,122.457258
6.96555,6,122.469903
70.783088,27,122.523089
43.758693,13,122.550498
46.19322,20,122.590993
-2.389972,1,122.593709
21.697003,10,122.615126
115.521169,50,123.031928
33.907746,10,123.056653
53.849802,23,123.105009
125.455656,50,123.254465
22.213194,19,123.292457
74.422762,39,123.36865
148.743913,50,123.466601
102.332085,43,123.552556
0.391425,4,123.561903
137.753631,50,123.658711
38.802733,15,123.689605
-2.070785,2,123.695446
79.746605,44,123.785172
99.10071,41,123.871222
64.153002,40,123.95352
131.438181,50,124.053063
110.425702,50,124.158545
98.899999,40,124.2377
-0.01998,1,124.242458
140.929264,50,124.367066
16.995226,13,124.403297
0.794848,5,124.414634
26.525674,20,124.45597
45.35626,20,124.496224
33.374376,20,124.539498
124.854865,50,124.635564
28.357333,15,124.665493
28.412672,14,124.693734
20.968129,14,124.720765
-5.281778,3,124.727902
6.922566,5,124.738903
-4.826461,1,124.742032
117.903255,42,124.82643
3.074295,3,124.833719
63.629633,32,125.284076
73.341183,35,125.355944
99.814269,50,125.455777
9.771199,8,125.476236
35.652256,14,125.5093
17.248422,14,125.538636
9.247141,11,125.562507
145.488289,50,125.666683
81.918837,37,125.742977
38.327063,16,125.778427
25.760243,14,125.811999
111.622978,50,125.917369
120.903615,50,126.022556
105.459346,50,126.129594
90.276799,50,126.235525
0.853031,5,126.247508
2.824659,4,126.256388
20.094126,12,126.282702
16.671209,8,126.301104
-3.587698,3,126.309417
18.216554,9,126.33096
11.751475,8,126.349022
93.469973,28,126.405931
76.404273,31,126.469374
31.067227,20,126.511161
10.984656,3,126.518147
2.21988,1,126.521089
90.6027,49,126.623581
18.862148,13,126.651846
30.807478,18,126.689459
56.198449,17,126.72618
48.845451,22,126.774105
47.75909,26,126.829058
32.334657,18,126.867671
24.021847,9,126.888147
19.427891,11,126.913368
71.746887,33,126.982443
71.072939,29,127.043949
-0.453077,4,127.053223
62.939586,25,127.106766
-5.730182,2,127.111619
82.768689,50,127.21753
7.855033,8,127.235404
44.875758,14,127.265286
-9.107861,1,127.268732
6.414698,7,127.284086
30.072482,14,127.314042
59.900829,25,127.367133
94.362803,32,127.436411
61.361558,38,127.521306
67.804848,29,127.585961
127.269686,50,127.69098
2.843647,3,128.043114
25.59721,14,128.073679
134.840354,50,128.178717
108.918136,49,128.287578
13.156735,9,128.310831
118.812588,50,128.414813
2.540881,3,128.422433
12.27401,8,128.441118
110.558614,49,128.548626
-2.349949,2,128.553507
148.085488,50,128.660515
6.9089,6,128.674735
44.203068,21,128.723264
57.640754,25,128.775947
82.398008,48,128.87693
50.738878,18,128.913245
71.097267,32,128.976535
91.958094,37,129.054147
6.959755,5,129.065527
28.597335,10,129.086589
72.181759,30,129.151101
31.911766,10,129.173455
149.57779,50,129.281631
9.610257,6,129.295598
92.653644,39,129.377034
30.314197,14,129.406284
60.422983,50,129.503892
83.103183,28,129.562861
26.425719,14,129.592378
97.841103,40,129.674595
103.395255,50,129.776538
13.055212,6,129.78901
1.997797,2,129.794085
16.472238,12,129.820052
25.831748,15,130.257334
64.489886,28,130.312482
87.518051,40,130.391738
18.760902,6,130.404813
93.108592,40,130.487981
15.486403,6,130.501951
39.832221,12,130.528823
133.258048,50,130.630314
124.650841,47,130.736303
123.737365,50,130.85236
12.862946,8,130.872946
144.112247,50,130.988759
33.281616,24,131.042196
105.27786,44,131.13809
103.204342,50,131.244465
95.669533,32,131.311636
133.674278,50,131.414788
153.116593,50,131.521848
37.194517,20,131.565519
108.278477,50,131.66637
127.867578,45,131.778934
41.183617,23,131.834362
38.732058,27,131.896274
143.226684,50,132.010582
39.100136,18,132.049685
31.240284,13,132.077141
29.166894,10,132.098876
15.956872,11,132.12207
22.454145,12,132.147157
0.71343,4,132.156492
21.792197,11,132.178601
2.61588,4,132.187351
18.911828,11,132.208972
63.796062,30,132.270113
35.492611,16,132.301897
26.270571,14,132.329198
-1.624794,4,132.338738
126.32959,47,132.429917
53.838404,20,132.473544
86.294151,50,132.574842
-2.703615,2,132.580351
85.17059,44,132.672724
37.89692,14,132.70175
-3.936064,1,132.7053
43.087757,19,132.747457
9.54932,7,132.763085
20.084963,12,132.789208
0.07874,2,132.794317
91.346696,44,133.180881
63.321734,31,133.247232
-5.091912,3,133.254634
150.343702,50,133.354685
21.076039,14,133.385054
28.190122,32,133.45002
102.603111,50,133.56042
42.866701,24,133.610096
133.735638,50,133.714113
10.835546,9,133.735398
122.798671,50,133.845746
5.102039,6,133.862104
108.770162,50,133.976581
114.519201,50,134.085583
-4.514272,1,134.08883
17.45534,11,134.113616
110.616448,45,134.211735
131.906509,50,134.321021
111.887881,50,134.429111
56.127929,26,134.485146
21.376542,12,134.512704
158.10229,49,134.621119
3.173359,3,134.628346
20.957567,13,134.657203
60.235979,26,134.713649
39.17391,14,134.744865
116.476075,41,134.83187
-3.487886,2,134.837487
51.160564,29,135.336911
48.213247,20,135.39992
82.791859,36,135.489992
72.200671,27,135.551384
53.488024,22,135.600076
31.843853,12,135.628284
80.433438,33,135.700091
44.20291,20,135.743519
116.765922,50,135.844575
115.355161,49,135.946086
139.144756,46,136.043749
9.023492,2,136.048774
94.089761,33,136.114736
55.492255,28,136.172506
-0.204195,2,136.177459
139.347732,50,136.279867
-1.652821,4,136.289568
82.729224,35,136.364494
22.278278,14,136.393157
20.086369,12,136.418187
85.29628,44,136.510475
114.902078,50,136.6104
121.471836,50,136.712258
22.770245,12,136.740121
114.643315,50,136.840441
40.340463,17,136.875406
50.138689,25,136.926227
117.020367,49,137.026853
7.786945,5,137.038475
47.24347,17,137.073078
70.505687,31,137.136065
4.339498,10,137.156907
15.058249,10,137.177239
4.602494,8,137.194179
73.711429,34,137.262862
10.290435,5,137.2736
25.36766,16,137.3061
31.032273,16,137.339729
138.601498,50,137.441015
88.746352,34,137.51016
10.367304,8,137.527907
88.322546,39,137.611407
35.459331,17,137.648309
10.871858,4,137.65809
50.231445,22,137.705396
125.026669,50,137.80655
81.586413,40,137.887313
2.816704,4,137.896588
33.374959,18,138.249178
132.886074,50,138.35745
87.798462,41,138.445338
6.582882,12,138.470364
16.899084,7,138.485788
-3.795981,4,138.49524
22.382987,11,138.518919
37.592633,14,138.549753
94.473452,31,138.614286
50.802937,21,138.659163
-2.068774,1,138.662206
86.767316,39,138.745525
7.139352,5,138.756454
12.780766,5,138.768248
83.460138,29,138.829015
84.78643,37,138.908691
-2.96134,3,138.915495
117.517742,50,139.019552
107.369442,50,139.119033
129.979644,50,139.225862
167.571404,50,139.325778
14.531721,7,139.340556
76.364161,37,139.412793
98.901533,50,139.512203
-2.741212,3,139.519744
54.585861,25,139.572296
97.476817,47,139.666729
101.881828,43,139.750042
136.223248,50,140.255473
50.264065,22,140.300606
118.253307,38,140.381452
77.581833,35,140.455015
27.692004,11,140.478838
74.307427,33,140.548926
123.842481,50,140.648937
95.895611,35,140.722132
78.209885,35,140.796313
92.880146,50,140.897857
66.260002,29,140.956553
112.185355,50,141.057732
48.862106,26,141.113464
127.288397,50,141.218491
42.612616,24,141.271376
19.783892,11,141.295263
107.085567,46,141.392581
125.046907,45,141.482931
3.856553,4,141.49142
2.132549,3,141.498162
6.418098,5,141.509027
117.453478,50,141.608816
63.584042,25,141.661943
72.008309,29,141.723267
7.295137,4,141.73266
48.499368,22,141.776071
41.585638,19,141.815092
32.778204,12,141.840048
-5.5318,1,141.843241
-2.730191,1,141.845991
136.459608,50,141.947619
123.020547,50,142.050794
27.444691,9,142.069627
12.459063,14,142.098697
59.943366,24,142.150192
1.08778,8,142.170892
8.966789,7,142.189384
-5.184036,1,142.192407
-9.837963,5,142.205
92.215285,43,142.306419
121.29844,50,142.421003
61.872275,40,142.512211
133.289206,47,142.60972
2.810907,2,142.614637
2.023121,9,142.635041
139.031899,50,142.758704
36.759212,13,142.799009
7.215396,5,142.817781
40.394029,19,142.86564
24.096621,16,142.898755
111.320045,41,142.993864
114.126076,43,143.404282
28.736165,14,143.438423
120.38975,50,143.553012
107.232505,50,143.659563
62.029251,24,143.709663
33.908732,15,143.742597
12.201766,14,143.7737
117.961303,50,143.884146
55.25827,28,143.945532
30.303852,13,143.973175
132.501427,50,144.075897
30.166815,11,144.098598
44.624262,20,144.140141
60.585607,17,144.174819
7.551277,4,144.183609
91.624959,38,144.262972
113.545325,42,144.353449
125.961147,50,144.459013
7.457026,5,144.472557
93.922497,44,144.568899
89.29238,45,144.659654
-4.814658,3,144.667058
105.11538,40,144.754404
-4.826461,1,144.757548
57.196489,31,144.824056
122.303104,50,145.374407
138.669334,50,145.481248
16.651372,12,145.509169
104.576367,50,145.617412
103.063624,50,145.729355
97.752144,43,145.829644
147.711735,50,145.94816
107.368272,41,146.037815
-2.235719,2,146.043115
19.872189,9,146.064955
117.776242,50,146.173404
46.869454,22,146.223552
137.40676,50,146.33265
4.258365,5,146.346267
113.893963,50,146.456944
149.167882,50,146.570302
148.888732,50,146.68444
-5.317929,1,146.687684
9.11136,9,146.710688
16.12944,15,146.743682
155.742439,50,146.854316
135.390799,50,146.964882
131.575457,50,147.077302
146.128777,50,147.192723
30.12097,13,147.223463
100.963377,43,147.319365
24.146116,19,147.359206
-2.656001,1,147.362392
127.668222,50,147.475405
26.020583,13,147.503625
108.220824,42,147.588552
112.739141,46,147.683619
131.917876,50,147.787305
40.501866,16,147.820574
4.075165,3,147.827557
80.690355,29,147.89081
10.265803,9,147.909636
3.036271,5,147.920436
119.988957,50,148.020571
21.019216,9,148.04031
-2.327518,4,148.049436
37.156702,20,148.092009
28.912662,8,148.109082
126.874942,50,148.216836
6.593354,10,148.238721
48.873534,23,148.593404
-2.772053,1,148.596284
74.238588,32,148.661288
44.828703,27,148.716068
62.869964,31,148.778845
11.000016,14,148.809644
1.124593,2,148.815007
-4.659648,4,148.823977
136.219404,50,148.936495
45.205524,18,148.973887
10.551854,4,148.983212
13.208802,5,148.994457
28.592718,11,149.017305
109.139165,50,149.115454
-4.581339,3,149.122661
44.693908,17,149.160073
3.002107,1,149.163074
79.464298,41,149.255128
-7.69617,1,149.258855
13.655667,8,149.276453
115.920279,50,149.390483
105.417568,49,149.504034
16.66051,10,149.52614
47.677803,22,149.572282
71.802925,37,149.648015
-3.886923,3,149.654975
17.286018,8,149.671025
125.51105,50,149.768749
-5.415276,4,149.778144
15.211028,10,149.798617
127.99154,50,149.895599
116.375424,50,150.445107
88.372764,46,150.550454
26.874101,11,150.573605
127.47886,50,150.681242
131.676391,50,150.792995
102.100542,50,150.899914
122.617866,50,151.001285
123.183371,50,151.101558
109.871168,45,151.193857
10.707513,12,151.219219
94.969741,37,151.295477
34.195284,13,151.322842
100.479762,43,151.412131
40.523383,16,151.445261
9.703583,7,151.460055
17.448522,19,151.499932
73.190084,29,151.560621
0.028943,1,151.563714
66.637649,31,151.62611
33.943742,18,151.664193
111.720478,48,151.761776
18.202286,12,151.786309
90.663406,50,151.890393
23.241809,11,151.915505
67.697694,39,152.001689
-3.914124,6,152.015027
7.084071,4,152.02397
-5.561603,6,152.037376
138.752996,50,152.14233
-2.138429,2,152.147383
35.262717,18,152.185719
128.909253,50,152.291726
50.797851,21,152.335791
29.682483,16,152.368833
67.383865,37,152.452322
5.049005,3,152.459985
77.688915,27,152.518434
30.348161,22,152.567461
112.671701,50,152.677835
149.337193,50,152.786866
48.580038,24,152.839907
86.795411,35,152.914221
107.274799,44,153.010642
2.010637,5,153.022185
62.51037,36,153.098807
118.437993,50,153.20705
117.47352,50,153.315595
28.0663,17,153.352962
27.286699,12,153.706348
111.30387,39,153.795255
42.869324,20,153.840369
-3.924711,9,153.864262
9.64576,4,153.87442
117.151753,50,153.987339
120.121657,50,154.103255
138.347303,50,154.219211
125.558244,50,154.327945
12.990248,9,154.348507
22.312848,8,154.365516
42.603758,23,154.410172
53.178416,27,154.464478
56.273424,33,154.532577
137.247906,43,154.61726
88.32968,38,154.693753
130.111454,50,154.7929
71.290763,22,154.839082
84.088727,40,154.920446
72.781333,28,154.976525
13.829489,6,154.989475
132.396204,50,155.550044
64.328302,27,155.60885
62.54303,22,155.658881
11.792285,9,155.678174
-0.481105,2,155.683981
116.517431,50,155.794372
54.350942,22,155.843406
64.994017,40,155.92661
-1.589474,5,155.938072
50.076266,20,155.98093
84.259287,35,156.052347
109.432216,50,156.155059
60.60209,22,156.200637
119.532178,50,156.304224
115.619048,50,156.405294
117.500713,43,156.490204
69.028909,35,156.563883
4.873634,4,156.572506
101.498441,37,156.649695
20.978913,15,156.681047
4.199246,3,156.688218
132.818168,50,156.788605
106.097306,43,156.876471
-5.453977,1,156.879427
95.585265,38,156.961258
49.279611,21,157.006816
29.571348,14,157.036222
8.103026,4,157.045057
21.770008,11,157.067242
81.226194,29,157.12687
72.527382,27,157.182133
14.515264,6,157.195934
85.412976,42,157.282783
1.682868,4,157.29139
14.726458,5,157.302002
10.84031,14,157.332245
52.181961,26,157.383196
100.71735,50,157.48116
3.405899,3,157.488705
1.495383,1,157.492104
17.95588,5,157.502439
45.585783,16,157.536263
119.465967,50,157.637863
124.466739,50,157.748093
95.163177,40,157.830431
138.457713,50,157.934624
19.987938,7,157.950119
19.036323,11,157.973384
128.900907,50,158.075389
39.776706,17,158.110928
31.717038,16,158.147931
44.043763,20,158.188106
28.051677,14,158.214792
148.234155,50,158.312152
119.431579,50,158.411603
-6.134779,3,158.419755
111.585153,50,158.918114
21.734554,9,158.938646
41.83733,20,158.983452
19.26041,14,159.012618
43.610595,16,159.047178
119.907504,50,159.154521
132.127367,50,159.261169
64.461056,34,159.332366
118.15338,50,159.43254
21.67076,9,159.452302
77.818337,29,159.511406
41.023766,13,159.54575
55.723979,33,159.614201
50.579796,18,159.654737
37.231556,14,159.685164
108.464481,44,159.777459
23.979185,7,159.791677
6.124717,4,159.800692
134.946702,50,159.899873
-1.633053,8,159.91626
61.465627,30,159.976183
47.551615,24,160.47025
86.444739,50,160.584003
125.07086,50,160.693946
105.956033,40,160.782889
74.956331,34,160.854181
91.150561,38,160.932179
-4.266456,3,160.939857
135.82926,50,161.044066
103.401227,47,161.142442
-3.736842,1,161.145416
113.319222,50,161.252724
118.34921,50,161.358744
15.100981,4,161.368122
42.716334,16,161.403228
44.863454,18,161.438596
132.814968,50,161.543806
139.986027,50,161.649904
41.055434,16,161.68393
49.751282,23,161.732491
148.410602,50,161.834835
114.760748,50,161.942878
13.48604,11,161.980463
96.731676,50,162.117662
133.06705,50,162.224875
47.746932,34,162.302331
53.031262,23,162.354339
148.394324,50,162.462753
30.706049,12,162.490515
75.913051,43,162.58406
125.884657,50,162.690281
134.57856,50,162.799739
14.284887,8,162.818718
57.030027,30,162.88587
94.748394,35,162.968353
10.991009,4,162.97902
94.167304,38,163.063576
104.476973,46,163.169433
67.624712,24,163.225606
38.031243,15,163.260129
-0.147304,2,163.266394
85.448191,27,163.327811
76.141453,29,163.394696
43.783735,17,163.433252
151.150843,50,163.548119
136.359754,50,163.660086
138.180267,48,164.110395
101.968286,48,164.216781
114.817484,50,164.323922
51.330321,16,164.3601
138.162874,50,164.459037
155.593567,50,164.563922
114.955944,50,164.664634
42.264491,20,164.705693
119.419672,50,164.811439
138.60883,50,164.922293
97.471579,41,165.006066
55.504202,23,165.053612
54.103056,17,165.08875
127.962145,50,165.611792
64.050093,28,165.678692
64.096757,38,165.773227
82.977019,34,165.841944
48.071168,22,165.887323
115.279175,50,165.988029
-3.676103,2,165.993226
122.558,50,166.093688
87.621245,33,166.160102
21.252326,13,166.187205
48.327463,22,166.230454
54.324482,21,166.271587
129.464329,50,166.37102
0.101179,3,166.379354
102.402347,43,166.466277
136.639593,50,166.565929
5.560749,9,166.584437
2.926362,1,166.587491
71.269283,38,166.66518
-1.825738,5,166.677187
132.68808,50,166.77886
114.363498,50,166.88305
52.904605,24,166.932053
3.499192,1,166.935183
141.432042,50,167.032482
100.84304,30,167.093632
9.618276,4,167.102435
142.152292,50,167.201631
140.591151,50,167.302162
45.5916,21,167.347959
98.864491,41,167.43643
35.915627,14,167.469134
104.229746,50,167.576368
17.4454,8,167.594403
66.923807,30,167.655829
142.930205,50,167.759088
105.332814,50,167.863876
143.918413,50,167.96876
117.645654,50,168.073431
109.662942,50,168.17736
124.693442,50,168.282198
156.056895,50,168.385549
66.235358,35,168.463289
62.100665,28,168.522552
65.921193,27,168.578253
61.944401,34,168.649081
28.141078,16,168.681418
106.670329,50,168.780577
157.469989,50,169.179769
56.782844,20,169.219642
103.077484,50,169.317009
8.338227,8,169.334692
122.289004,50,169.433228
125.905254,50,169.533884
28.759363,21,169.575133
103.342102,50,169.681086
-9.159346,3,169.688594
24.653928,11,169.711328
113.725711,45,169.805001
56.815033,25,169.85679
31.83525,12,169.884183
63.438215,19,169.925576
13.479401,9,169.945207
128.149336,50,170.473011
113.594589,48,170.576002
130.080212,50,170.674759
5.255849,7,170.68965
21.218255,12,170.714355
28.42358,17,170.749019
44.280563,18,170.78595
3.851803,3,170.793145
59.699779,28,170.850641
136.429119,50,170.954982
119.36466,50,171.059226
101.030531,39,171.140036
95.568546,49,171.256411
37.746502,15,171.292686
88.343098,26,171.35476
1.405569,4,171.364223
2.785014,3,171.371951
76.106184,41,171.466195
54.393844,17,171.506916
25.787668,15,171.541644
141.48401,50,171.651775
37.687352,24,171.705437
115.229151,50,171.81036
147.365204,50,171.915092
60.256984,31,171.979712
133.810041,50,172.084482
15.750384,7,172.10011
70.972406,41,172.190733
111.247618,50,172.30685
26.298856,12,172.336156
138.927051,50,172.45418
69.125985,27,172.515129
148.308045,50,172.625145
71.719119,33,172.696418
72.553758,39,172.780907
92.486852,43,172.868144
5.223114,12,172.893391
116.909092,50,172.995631
110.865652,50,173.096427
108.757411,50,173.201456
101.686223,50,173.304932
69.172196,30,173.368363
141.778976,50,173.470702
36.609338,14,173.500128
88.319474,34,173.570712
29.135842,9,173.589767
141.360865,45,173.681342
146.887953,50,173.783328
129.922477,50,174.309106
7.35552,6,174.324522
115.174711,50,174.437284
24.217588,14,174.469693
26.716798,17,174.509095
35.148307,11,174.535488
58.37923,23,174.586789
10.210214,7,174.603144
54.918205,22,174.652013
24.735246,9,174.673635
3.330004,5,174.686295
43.153068,21,174.734676
137.688899,50,174.850522
70.247268,32,174.922047
128.894266,50,175.033104
32.474367,14,175.064923
99.070933,48,175.165484
9.324683,10,175.186694
78.970463,32,175.686909
68.307349,21,175.733619
151.517839,50,175.840239
61.150488,20,175.883469
118.005571,50,175.994071
105.497885,50,176.100639
8.167098,5,176.112866
72.877868,31,176.18025
131.270669,50,176.283014
123.153833,50,176.382119
77.329123,43,176.467499
137.487371,50,176.573996
12.019732,6,176.587425
150.686509,50,176.703147
35.166853,21,176.751762
132.337594,44,176.85082
161.892274,50,176.956642
145.29147,50,177.062228
8.140455,6,177.07555
119.944586,50,177.183585
97.340434,43,177.275653
112.711018,38,177.359982
65.71837,31,177.421178
144.965924,50,177.521393
4.313738,7,177.538423
80.672267,26,177.589129
117.93914,50,177.690831
137.669879,50,177.793453
84.248346,31,177.85936
121.272585,50,177.960082
154.620304,50,178.064647
136.828103,50,178.16606
59.721388,21,178.208435
-4.930651,1,178.211272
65.091739,19,178.251712
30.190229,18,178.290222
107.708259,41,178.375622
96.321589,44,178.464753
32.39055,16,178.49646
60.213068,33,178.562711
25.869487,13,178.588823
67.904229,25,178.639288
135.067107,45,178.727701
124.984563,50,178.826989
121.891464,50,178.931504
115.854834,42,179.020433
-1.257205,3,179.027402
95.80244,34,179.395277
8.993428,7,179.41022
47.164665,16,179.445623
27.719487,15,179.476865
84.683758,35,179.550661
9.180311,3,179.55757
6.746758,4,179.566675
96.888666,48,179.667523
71.126575,24,179.716222
34.137501,16,179.749887
72.42839,32,179.813094
16.799911,10,179.834925
-5.462888,6,179.847919
133.237559,50,179.948028
144.961651,50,180.049132
39.557372,18,180.088348
119.941754,50,180.645955
39.103412,16,180.679356
116.929004,50,180.781556
87.144071,36,180.852159
66.061157,25,180.900706
50.797947,18,180.936792
0.676004,3,180.943763
106.800864,50,181.044409
12.840799,13,181.072755
21.671648,8,181.089438
36.219552,14,181.118159
103.199023,46,181.213724
118.328264,50,181.316729
103.822663,35,181.390626
144.329586,50,181.493469
119.013696,50,181.595333
118.030029,38,181.671271
20.929559,9,181.689649
-3.054366,2,181.694255
89.506323,34,181.763661
37.833426,16,181.799271
141.957527,50,181.898538
128.758483,50,181.998473
78.471974,31,182.064058
-7.731516,1,182.067201
86.063802,38,182.149775
68.695697,27,182.202005
133.902712,50,182.297953
131.608376,50,182.392819
74.683449,35,182.459706
133.906337,50,182.556742
158.881908,50,182.655369
135.767493,50,182.756184
85.122245,38,182.841616
38.796233,17,182.880751
51.353016,29,182.942925
107.052867,49,183.042287
66.8552,23,183.088416
124.635339,50,183.19028
26.236537,12,183.216017
34.844499,12,183.242767
146.942891,50,183.344285
24.451472,15,183.375505
3.768194,6,183.388534
9.497511,3,183.395539
120.921967,50,183.493625
82.090973,32,183.559008
66.884968,29,183.618991
105.776734,44,183.708405
74.843487,31,183.770386
10.240781,7,183.785542
137.12657,50,183.886703
32.605956,16,183.918876
148.306351,50,184.36764
86.343886,31,184.432896
50.79932,19,184.474923
137.67015,50,184.581076
142.984965,50,184.685643
36.35261,17,184.721948
123.416284,50,184.822277
-0.652473,2,184.827931
124.209808,50,184.934043
111.220796,50,185.438478
37.623796,30,185.523235
127.904328,50,185.631871
121.863846,50,185.740139
33.303186,14,185.769367
37.773606,19,185.811202
140.549446,50,185.915067
39.846131,25,185.964617
143.259351,50,186.062643
144.11421,50,186.164036
135.394061,50,186.265254
5.221067,6,186.279386
128.949678,50,186.379171
88.8872,32,186.444759
118.49969,50,186.549148
-0.73882,6,186.562328
130.489197,47,186.661118
36.790356,15,186.69455
155.544178,50,186.802444
145.176769,50,186.911376
49.836201,15,186.946748
138.935032,50,187.049086
126.75089,50,187.152128
116.996511,50,187.258446
22.676137,16,187.293496
42.954811,20,187.335602
116.804023,50,187.43352
119.880895,50,187.532651
33.95853,17,187.56706
121.701444,50,187.666868
70.395892,41,187.749965
30.450552,15,187.780647
147.300423,50,187.878814
84.471452,37,187.959471
123.281228,50,188.066598
53.455342,27,188.122459
148.011928,50,188.225317
54.142775,28,188.281419
71.320986,36,188.357102
42.146436,23,188.405979
20.72994,12,188.432831
128.366234,50,188.53899
134.118456,50,188.640266
51.822254,26,188.693801
76.048884,30,188.754178
72.976381,28,188.811053
81.344774,49,188.914541
103.15917,50,189.018538
55.415759,19,189.40571
133.316552,50,189.507822
9.147366,6,189.521178
100.879417,38,189.599935
65.395079,24,189.650544
147.781548,50,189.751636
64.363681,28,189.80711
118.131178,50,189.907157
55.308709,26,190.375364
125.742577,50,190.475977
72.546335,32,190.546369
106.22574,50,190.646086
21.251144,17,190.679131
-0.691924,1,190.682186
92.536048,44,190.770301
34.526726,15,190.801627
80.343582,35,190.871377
137.785427,50,190.971876
151.671004,50,191.075675
120.429543,50,191.180238
14.929273,9,191.204201
114.144831,50,191.324956
58.528083,23,191.378139
84.744586,38,191.466525
106.920394,50,191.572248
78.690983,28,191.632726
19.343477,8,191.649733
144.473985,50,191.754703
94.089256,50,191.864304
141.632552,50,191.966979
42.446193,20,192.008256
127.945908,50,192.113591
14.869536,7,192.130176
119.405891,50,192.239025
136.1531,50,192.342232
30.953568,16,192.374825
52.154474,21,192.417953
-9.250097,2,192.423622
108.80772,50,192.527698
127.049457,50,192.634069
153.399543,50,192.742251
118.15083,45,192.84154
9.576208,6,192.854282
62.261053,24,192.904494
69.414119,31,192.970559
3.254829,7,192.985607
130.470434,50,193.087284
128.652738,50,193.193916
124.629495,50,193.300163
90.687287,50,193.408255
18.734946,12,193.435276
118.102528,50,193.540705
108.749446,50,193.649221
69.1272,32,193.715546
132.826609,50,193.823679
133.616054,50,193.935019
78.876433,41,194.024832
13.512781,11,194.049552
4.514493,1,194.05312
8.607581,4,194.062323
23.498399,10,194.085509
158.330104,50,194.517484
106.629429,50,194.629165
96.994812,40,194.720369
39.525994,18,194.762764
1.923556,4,194.773846
35.019799,18,194.816562
137.602834,50,194.954704
109.643747,50,195.578944
129.323058,50,195.685696
120.722245,50,195.788613
63.04589,26,195.845227
46.532051,18,195.890878
133.156354,50,196.01204
23.98872,12,196.040017
17.18195,12,196.068201
128.847433,49,196.185247
44.67528,22,196.23381
133.336229,50,196.375266
101.98914,36,196.468673
14.057543,10,196.490075
132.215557,50,196.594157
124.047685,50,196.700432
40.332597,14,196.731902
121.966215,47,196.832021
140.308511,50,196.937231
134.177338,50,197.042454
-2.517898,2,197.048095
-4.315952,3,197.055101
98.773925,36,197.131137
35.169015,16,197.164309
114.95447,50,197.271498
132.118322,50,197.375529
15.069458,10,197.396475
135.844578,50,197.499041
105.821138,50,197.59967
145.313664,50,197.699998
49.716541,24,197.751782
7.480238,5,197.763166
27.873033,13,197.791054
146.878322,50,197.895435
104.476789,41,197.985854
141.287306,50,198.092123
131.055321,50,198.197958
54.53421,30,198.264907
136.096198,48,198.368393
14.572704,6,198.381909
129.551282,50,198.515769
98.65707,50,198.630122
79.115982,25,198.686879
135.352216,50,198.79482
134.534457,50,198.908613
8.584133,5,198.91976
117.664728,50,199.024515
110.209686,50,199.129924
7.282218,5,199.141299
1.918464,4,199.150746
144.434903,50,199.261175
104.143104,50,199.370789
99.941785,50,199.476443
49.860203,16,199.510947
92.033633,44,199.934477
93.914033,43,200.02412
113.991133,37,200.102294
72.821442,30,200.165525
148.14997,50,200.735686
87.134009,27,200.793088
140.922406,50,200.893335
139.530364,50,200.998311
17.508767,6,201.011506
136.54424,50,201.114345
-4.959107,1,201.117634
135.607818,50,201.229929
74.669582,35,201.30207
99.077749,50,201.404282
135.350218,50,201.498674
-4.679022,1,201.502234
142.40563,50,201.598244
139.990836,50,201.696751
110.722605,39,201.776295
99.021627,41,201.858222
33.459256,21,201.900296
102.422716,39,201.978099
11.246252,10,201.998618
138.395858,50,202.100037
135.198806,50,202.208942
126.076691,47,202.316024
86.729842,33,202.398631
128.075728,50,202.513767
138.027005,50,202.644232
7.848774,6,202.657763
7.334951,5,202.669533
122.992778,50,202.769029
114.770084,50,202.865709
117.741542,50,202.961212
48.341613,26,203.010648
58.247184,26,203.062713
52.639728,28,203.117756
146.60582,50,203.216972
93.911674,47,203.317281
114.501251,50,203.427812
3.173052,5,203.440814
139.110552,48,203.541432
123.687026,50,203.647279
112.809064,44,203.743885
120.533014,50,203.848586
16.123847,9,203.869089
151.866705,50,203.974251
4.491093,3,203.981771
104.24198,41,204.064753
154.58893,50,204.169116
133.619674,50,204.279867
117.546283,50,204.392009
20.133531,13,204.422441
123.577784,50,204.533952
37.925306,23,204.587603
145.776712,50,205.11078
92.979893,39,205.196093
41.514421,20,205.240279
55.016731,31,205.303458
129.70666,50,205.847987
141.15283,50,205.974696
133.358216,50,206.08183
100.653118,50,206.191929
84.145983,50,206.293728
85.184432,37,206.366023
150.65482,50,206.466418
-3.698625,2,206.472058
104.452859,50,206.577003
117.751741,50,206.678299
35.214949,11,206.701332
27.980773,16,206.736026
45.462183,20,206.777721
104.036414,45,206.868781
101.800863,36,206.943907
29.630147,7,206.958587
126.798469,50,207.061535
115.200418,50,207.165056
109.802755,50,207.268344
131.478895,50,207.372635
116.916,50,207.478183
145.484409,50,207.583697
29.101781,14,207.613981
87.966664,38,207.69673
92.249072,33,207.766555
121.85533,50,207.872249
113.363799,50,207.974289
129.335782,50,208.08072
116.83109,50,208.181945
-0.225695,2,208.187371
115.080743,50,208.289355
132.432379,50,208.388294
117.313024,50,208.488183
137.558914,50,208.595472
128.470308,50,208.70348
62.261434,24,208.752655
155.639932,50,208.852711
145.775832,50,208.951573
125.724527,50,209.048214
150.991789,50,209.144295
29.433697,13,209.170017
125.400904,50,209.268246
114.357948,50,209.373053
108.81124,50,209.479143
13.597172,9,209.499456
15.647024,7,209.516029
29.312582,14,209.547536
141.098493,50,209.650429
40.096609,16,209.685236
42.9282,24,209.736704
23.5993,11,209.759113
72.294724,33,210.147322
94.211072,33,210.218685
73.147907,27,210.699915
2.930801,3,210.707469
81.449133,50,210.812346
-2.260659,2,210.817432
126.271753,50,210.92013
141.58353,50,211.022242
33.155145,10,211.044051
93.60335,42,211.12709
107.141718,50,211.228756
124.073048,50,211.329988
-2.173314,1,211.33367
37.052753,16,211.367371
95.186186,50,211.467139
96.716587,50,211.567083
29.851739,14,211.597516
108.45882,44,211.689844
42.437246,16,211.72426
132.583285,50,211.8329
105.128933,44,211.923092
149.797229,50,212.023246
149.657222,50,212.12404
123.014848,50,212.237377
120.417036,50,212.357627
122.462276,50,212.480153
114.266288,50,212.593314
30.601926,11,212.622787
65.070787,28,212.684454
72.930552,34,212.760701
25.590745,13,212.790059
125.49095,50,212.894979
139.441396,50,213.001862
124.20526,50,213.106439
130.066212,50,213.213177
110.046448,50,213.313614
8.269294,8,213.331177
76.331536,32,213.393462
84.371634,42,213.479476
160.751353,50,213.579226
122.951423,50,213.677387
71.35554,32,213.741028
141.257815,50,213.839998
-3.275034,1,213.843874
141.794334,50,213.951325
145.525325,50,214.054002
-0.854615,5,214.065269
122.988578,50,214.168465
88.523098,45,214.268708
154.075277,50,214.384631
106.818267,47,214.495585
2.311496,4,214.50559
51.248594,23,214.589139
16.48971,10,214.620013
132.655871,50,214.729454
128.846023,50,214.8361
152.010974,50,215.274688
14.115137,11,215.298265
126.324497,50,215.81868
112.299516,45,215.910369
119.604878,50,216.009562
133.603204,50,216.109551
146.899317,50,216.20952
26.972739,16,216.244587
117.518129,50,216.349418
5.099635,5,216.360682
15.587191,10,216.382253
124.186301,50,216.487455
59.29761,22,216.534719
136.032925,50,216.63738
133.844384,50,216.744106
115.238763,50,216.851666
6.390642,6,216.864745
135.716257,50,216.966646
107.273897,50,217.06939
129.803969,50,217.17544
126.238446,50,217.281147
79.203364,24,217.335508
117.2343,50,217.447893
119.731029,50,217.561457
30.504746,13,217.591399
6.136918,5,217.603103
117.86267,50,217.715667
37.607098,24,217.771986
34.569156,16,217.808234
132.965797,50,217.922779
54.915495,23,217.974868
142.919919,50,218.0883
28.797144,24,218.143752
126.968246,50,218.256258
127.75938,50,218.362619
115.54654,50,218.470563
53.483966,24,218.524885
123.42624,50,218.636954
126.110397,50,218.748677
118.596653,50,218.855635
65.512244,35,218.936509
147.113914,50,219.042444
3.517636,6,219.057436
45.874645,21,219.101701
64.276071,26,219.158098
95.122543,41,219.243081
34.357288,14,219.271241
127.442058,46,219.365163
14.942578,9,219.384318
113.888507,50,219.488338
19.373706,7,219.504131
-4.992917,1,219.507028
116.271314,50,219.610735
113.06589,50,219.712281
55.225835,23,219.760309
119.586709,50,219.864571
-1.679441,4,219.873386
92.536902,38,219.948816
16.164726,7,219.963565
36.841776,18,219.99925
125.913701,50,220.928049
132.993925,50,221.033274
144.691587,50,221.136619
-10.301041,2,221.142197
130.365777,50,221.260418
44.305712,23,221.317545
138.780021,50,221.435156
137.464155,50,221.551337
15.636953,5,221.563539
107.235709,50,221.669635
118.203868,50,221.776316
148.377984,50,221.882602
65.143477,29,221.948069
134.496999,50,222.051674
52.652763,22,222.097156
121.908851,50,222.200175
64.382552,35,222.273293
119.969132,50,222.378867
55.193178,19,222.419553
113.202596,50,222.526533
14.119459,4,222.537198
134.57407,50,222.638888
118.26635,50,222.739144
141.461765,48,222.835699
131.944853,50,222.936916
91.809056,36,223.0089
125.233235,50,223.109974
139.578068,50,223.221703
43.110921,20,223.271348
121.240214,50,223.390097
139.021688,50,223.508447
117.491962,50,223.617929
131.69338,50,223.729127
162.592202,50,223.836185
132.8935,50,223.944071
128.932142,50,224.046358
131.5154,50,224.149108
16.108575,12,224.17563
89.84256,35,224.248481
121.641994,50,224.350304
130.142379,50,224.455108
54.941171,26,224.511667
30.058611,18,224.550086
51.491277,18,224.588646
13.810886,5,224.599347
126.292435,50,224.701511
143.840368,50,224.804689
128.253539,50,224.905702
132.684418,50,225.006094
43.863234,19,225.046389
25.170509,14,225.075044
-3.780607,1,225.077838
123.097338,50,225.616086
23.59739,12,225.643592
22.252681,10,225.666195
128.765832,50,226.099109
120.946199,50,226.213828
24.649876,10,226.238337
6.583403,5,226.250408
113.354546,50,226.366299
1.603052,6,226.381996
121.233,50,226.524698
133.633473,50,226.631573
64.265141,28,226.693124
138.078288,50,226.797149
26.842133,19,226.837339
129.210854,50,226.942409
140.29694,50,227.045738
146.69627,50,227.148022
144.237105,50,227.259617
137.243882,50,227.37158
138.293306,50,227.481957
58.159051,24,227.538082
130.503058,50,227.64689
77.246835,29,227.706483
106.807075,50,227.809863
32.605149,13,227.838622
130.423643,50,227.943691
124.247379,50,228.04915
113.344674,50,228.149692
15.52431,9,228.168476
123.001051,50,228.268996
131.182347,50,228.367293
19.10829,12,228.393149
112.188048,50,228.493393
138.210972,50,228.596072
118.184593,50,228.703611
33.533846,17,228.740049
103.203044,44,228.82783
127.912404,50,228.931482
141.249054,50,229.042017
123.712554,50,229.146481
129.165312,50,229.250279
133.635324,50,229.35697
125.897398,47,229.456339
121.0063,50,229.564725
55.028101,27,229.619769
110.126881,50,229.727068
28.486682,14,229.761451
119.747509,50,229.876693
137.958505,50,229.989356
126.787908,50,230.094844
116.604758,50,230.634014
124.042556,50,230.744712
141.377747,50,231.17872
149.755281,50,231.331515
9.261934,5,231.344897
106.398631,42,231.436215
63.011143,28,231.493665
130.648765,50,231.596347
149.011158,50,231.701367
8.722531,7,231.716682
26.222196,18,231.755326
153.143026,50,231.855046
108.633111,50,231.959381
117.621887,50,232.058432
98.428259,46,232.151474
124.009148,50,232.249984
122.054536,50,232.347787
10.82655,5,232.358793
131.046,50,232.458992
122.745097,50,232.561996
157.562201,50,232.663071
152.040305,50,232.765182
132.313422,50,232.865418
79.081805,33,232.933101
129.032006,50,233.034514
2.437313,6,233.048178
100.117057,50,233.153759
107.661953,42,233.254547
7.677932,4,233.263843
9.379723,8,233.282605
87.035724,35,233.364408
104.862816,50,233.483792
8.137037,9,233.505557
120.623908,44,233.596349
42.547613,15,233.6285
118.758293,50,233.729803
62.539348,29,233.788203
137.92914,50,233.888568
128.699604,50,233.986702
135.165939,50,234.082813
128.519941,50,234.179769
138.932245,50,234.281144
134.988788,50,234.385278
138.1399,50,234.488102
112.559189,50,234.591876
121.68251,50,234.6931
137.831603,50,234.79236
124.090473,50,234.895181
25.545443,14,234.926691
102.515969,50,235.030519
128.120474,50,235.585031
86.704979,36,235.663079
16.781235,8,235.680696
107.517002,32,235.748809
136.646024,50,235.852659
111.842082,50,236.285097
136.221413,50,236.388367
163.177439,50,236.491627
58.529025,28,236.551001
125.314475,50,236.657267
125.331473,50,236.758814
88.448257,34,236.827386
126.912657,50,236.928391
118.545036,50,237.029819
139.996828,50,237.134102
80.491684,30,237.19606
149.086781,50,237.307261
143.826553,50,237.450025
58.316841,27,237.508728
101.132664,50,237.622513
133.439045,50,237.737912
144.528292,50,237.851916
86.951877,38,237.940329
130.420273,50,238.056542
113.864798,50,238.166664
82.524229,32,238.240016
105.737484,41,238.333269
141.12078,50,238.442933
138.06353,50,238.552855
142.758444,50,238.655303
125.478281,50,238.762355
0.966566,3,238.770218
68.292353,31,238.837491
108.137456,50,238.946436
138.313919,50,239.053355
155.647298,50,239.159639
123.927691,50,239.266405
57.620141,25,239.317137
126.24354,50,239.418265
127.003391,50,239.514171
87.977152,41,239.59433
74.863254,39,239.672386
38.044024,15,239.703872
130.679142,50,239.80543
133.135168,50,239.907036
127.859109,50,240.011535
134.665294,50,240.114001
146.969284,50,240.625944
59.505404,22,240.674267
4.012664,2,240.679572
82.396307,42,240.769681
154.344918,50,240.876934
18.370037,10,240.901674
128.188557,50,241.002954
24.368128,10,241.023847
48.922544,23,241.418527
107.550219,32,241.4974
111.81792,50,241.613169
146.732702,50,241.716846
42.613728,15,241.748575
-5.426967,3,241.755741
148.091702,50,241.892905
144.161841,50,242.011482
-2.326946,1,242.015512
126.891999,50,242.122524
112.883287,50,242.230555
149.800242,50,242.344748
60.261148,20,242.393067
124.09807,50,242.50541
118.895748,50,242.611532
130.107078,50,242.712398
136.963241,50,242.814429
95.924862,50,242.915676
141.121691,50,243.023197
4.208638,5,243.03507
18.180682,15,243.065332
117.202918,41,243.150313
53.861525,26,243.20625
78.619653,30,243.272443
74.79722,28,243.334633
147.949225,50,243.439905
105.136683,42,243.527769
9.415735,7,243.54674
97.95508,50,243.653416
131.069979,50,243.76413
127.632714,50,243.875334
112.353221,50,243.986202
108.930062,42,244.080522
130.766488,50,244.188922
45.156354,15,244.22241
135.026663,50,244.334149
157.668794,50,244.447093
110.94509,50,244.555478
130.634328,50,244.660986
143.26366,50,244.770403
123.600029,50,244.881
149.000205,50,244.988904
108.533388,50,245.097078
123.09655,50,245.209321
117.669673,50,245.313936
69.636988,26,245.790567
148.215519,50,245.894833
160.24588,50,245.99849
134.017248,50,246.102459
52.52794,27,246.158689
131.904529,50,246.264923
146.993419,50,246.679814
85.454241,37,246.754471
51.918253,18,246.790545
149.971055,50,246.892696
21.808386,12,246.918584
132.133794,50,247.024886
57.316089,22,247.072594
118.763672,50,247.175057
71.645041,28,247.233477
0.953653,1,247.236587
114.986324,42,247.320785
50.767787,22,247.365038
133.856892,50,247.462313
128.685399,50,247.565566
115.070624,40,247.646646
66.976686,34,247.719787
83.83542,31,247.784833
118.661157,50,247.886992
126.694008,50,247.99109
-8.008606,2,247.997063
58.017318,27,248.053915
52.470409,25,248.106959
92.901872,36,248.18326
106.016376,50,248.283991
120.55841,50,248.386914
119.273303,50,248.491315
22.35105,11,248.514744
126.661997,50,248.615765
138.303436,50,248.714899
32.996185,14,248.742779
36.518807,14,248.770606
125.494408,50,248.870635
61.678587,27,248.928445
146.192951,50,249.032173
149.008272,50,249.132843
120.658736,50,249.245506
135.484115,50,249.362384
124.996647,50,249.480933
26.990024,14,249.514739
116.87082,50,249.621329
139.527938,50,249.721267
126.341658,50,249.827929
134.346248,50,249.931824
137.561771,50,250.037215
19.721279,5,250.049339
142.078867,47,250.145037
143.419156,50,250.665857
7.68242,5,250.677094
127.16168,50,250.795958
127.643773,50,250.904963
148.668424,50,251.013388
26.440109,14,251.045259
116.766645,50,251.151302
56.32216,22,251.199598
107.051703,50,251.306607
137.318034,50,251.827526
101.765029,50,251.942459
109.733425,50,252.053919
82.775704,42,252.143042
116.932878,46,252.237268
105.528794,48,252.341683
51.215753,21,252.387861
135.783952,50,252.497689
140.336284,50,252.606734
142.201694,50,252.717706
-2.811101,1,252.72142
148.137378,50,252.833508
128.960355,50,252.9499
131.113936,50,253.062945
147.054784,50,253.176642
125.371797,50,253.30987
123.853787,50,253.430668
123.523888,47,253.548066
134.413166,50,253.690146
140.527264,50,253.823838
131.247181,50,253.932793
144.010429,50,254.034097
112.179901,50,254.135617
35.646364,17,254.172126
120.7671,50,254.276475
124.304953,50,254.381845
136.47909,50,254.484642
62.073409,24,254.538033
59.933685,23,254.585942
145.598838,50,254.691748
66.18244,26,254.751961
138.126976,50,254.853356
30.399652,13,254.882584
112.412381,50,254.984909
127.354786,50,255.087951
104.06499,45,255.180945
131.86075,50,255.284573
135.213503,50,255.389002
110.794757,37,255.466691
15.854201,8,255.483827
136.232702,50,256.032103
133.497545,50,256.140459
122.837839,50,256.257789
128.977733,50,256.373289
131.907242,50,256.4896
1.580315,6,256.505708
56.732441,20,256.548663
126.036065,50,256.649948
